<?xml version="1.0"?>
<?mso-application progid="Excel.Sheet"?>
<Workbook xmlns="urn:schemas-microsoft-com:office:spreadsheet"
 xmlns:o="urn:schemas-microsoft-com:office:office"
 xmlns:x="urn:schemas-microsoft-com:office:excel"
 xmlns:ss="urn:schemas-microsoft-com:office:spreadsheet"
 xmlns:html="http://www.w3.org/TR/REC-html40">
 <DocumentProperties xmlns="urn:schemas-microsoft-com:office:office">
  <Author>Reuven Weiser</Author>
  <LastAuthor>Microsoft Office User</LastAuthor>
  <Created>2014-01-22T11:53:35Z</Created>
  <LastSaved>2017-09-06T16:46:44Z</LastSaved>
  <Version>16.00</Version>
 </DocumentProperties>
 <OfficeDocumentSettings xmlns="urn:schemas-microsoft-com:office:office">
  <AllowPNG/>
 </OfficeDocumentSettings>
 <ExcelWorkbook xmlns="urn:schemas-microsoft-com:office:excel">
  <WindowHeight>11364</WindowHeight>
  <WindowWidth>23040</WindowWidth>
  <WindowTopX>32767</WindowTopX>
  <WindowTopY>32767</WindowTopY>
  <RefModeR1C1/>
  <ProtectStructure>False</ProtectStructure>
  <ProtectWindows>False</ProtectWindows>
 </ExcelWorkbook>
 <Styles>
  <Style ss:ID="Default" ss:Name="Normal">
   <Alignment ss:Vertical="Bottom"/>
   <Borders/>
   <Font ss:FontName="Calibri" x:Family="Swiss" ss:Size="11" ss:Color="#000000"/>
   <Interior/>
   <NumberFormat/>
   <Protection/>
  </Style>
  <Style ss:ID="s62">
   <Alignment ss:Horizontal="Left" ss:Vertical="Bottom" ss:WrapText="1"/>
   <Font ss:FontName="Calibri" ss:Size="11"/>
  </Style>
  <Style ss:ID="s64">
   <Alignment ss:Vertical="Bottom" ss:WrapText="1"/>
   <Borders/>
   <Font ss:FontName="Calibri" ss:Size="11"/>
   <Interior/>
   <NumberFormat/>
   <Protection/>
  </Style>
  <Style ss:ID="s65">
   <Alignment ss:Vertical="Bottom" ss:WrapText="1"/>
  </Style>
  <Style ss:ID="s66">
   <Alignment ss:Vertical="Bottom" ss:WrapText="1"/>
   <Borders/>
   <Font ss:FontName="Calibri" x:Family="Swiss" ss:Size="11" ss:Color="#000000"/>
   <Interior/>
   <NumberFormat/>
   <Protection/>
  </Style>
  <Style ss:ID="s67">
   <Font ss:FontName="Calibri" x:Family="Swiss" ss:Size="11" ss:Color="#FF0000"/>
  </Style>
  <Style ss:ID="s68">
   <Font ss:FontName="Calibri" x:Family="Swiss" ss:Size="11" ss:Color="#003366"
    ss:Bold="1"/>
  </Style>
  <Style ss:ID="s69">
   <Borders/>
   <Font ss:FontName="Calibri" x:Family="Swiss" ss:Size="11" ss:Color="#000000"/>
   <Interior/>
  </Style>
  <Style ss:ID="s70">
   <Borders/>
   <Interior/>
   <NumberFormat ss:Format="@"/>
  </Style>
  <Style ss:ID="s71">
   <Borders/>
  </Style>
  <Style ss:ID="s72">
   <Borders/>
   <NumberFormat ss:Format="@"/>
  </Style>
  <Style ss:ID="s73">
   <Alignment ss:Horizontal="Left" ss:Vertical="Bottom"/>
  </Style>
  <Style ss:ID="s74">
   <Alignment ss:Vertical="Center" ss:WrapText="1"/>
   <Font ss:FontName="Calibri" x:Family="Swiss" ss:Size="11" ss:Color="#333333"/>
  </Style>
  <Style ss:ID="s75">
   <Alignment ss:Vertical="Center" ss:WrapText="1"/>
  </Style>
 </Styles>
 <Names>
  <NamedRange ss:Name="AccessList" ss:RefersTo="=data!R3C3:R5C3"/>
  <NamedRange ss:Name="ContentList" ss:RefersTo="=data!R3C2:R30C2"/>
  <NamedRange ss:Name="EnvironmentList" ss:RefersTo="=data!R3C4:R13C4"/>
  <NamedRange ss:Name="ProductList" ss:RefersTo="=data!R3C1:R112C1"/>
 </Names>
 <Worksheet ss:Name="Sheet1">
  <Table ss:ExpandedColumnCount="11" ss:ExpandedRowCount="34" x:FullColumns="1"
   x:FullRows="1" ss:StyleID="s62" ss:DefaultColumnWidth="51"
   ss:DefaultRowHeight="15">
   <Column ss:StyleID="s62" ss:Width="49.8"/>
   <Column ss:StyleID="s62" ss:AutoFitWidth="0" ss:Width="85.8"/>
   <Column ss:StyleID="s62" ss:AutoFitWidth="0" ss:Width="126.6"/>
   <Column ss:StyleID="s62" ss:Width="67.8"/>
   <Column ss:StyleID="s62" ss:Width="67.2"/>
   <Column ss:StyleID="s62" ss:Width="88.2"/>
   <Column ss:StyleID="s62" ss:AutoFitWidth="0" ss:Width="160.80000000000001"
    ss:Span="2"/>
   <Column ss:Index="10" ss:StyleID="s62" ss:Width="139.19999999999999"/>
   <Column ss:StyleID="s62" ss:AutoFitWidth="0" ss:Width="136.19999999999999"/>
   <Row ss:AutoFitHeight="0">
    <Cell><Data ss:Type="String">Filename</Data></Cell>
    <Cell><Data ss:Type="String">Title</Data></Cell>
    <Cell><Data ss:Type="String">Product</Data></Cell>
    <Cell><Data ss:Type="String">Content Type</Data></Cell>
    <Cell><Data ss:Type="String">Access</Data></Cell>
    <Cell><Data ss:Type="String">Environment</Data></Cell>
    <Cell><Data ss:Type="String">Keywords</Data></Cell>
   </Row>
   <Row ss:AutoFitHeight="0">
    <Cell><Data ss:Type="String">MAP</Data></Cell>
    <Cell ss:StyleID="Default"><Data ss:Type="String">API Builder 3.x</Data></Cell>
    <Cell><Data ss:Type="String">prod-apibuilder-3x</Data></Cell>
    <Cell ss:StyleID="s64"><Data ss:Type="String">ct-admin</Data></Cell>
    <Cell ss:StyleID="s64"><Data ss:Type="String">access-public</Data></Cell>
    <Cell><Data ss:Type="String">env-cloud-private</Data></Cell>
    <Cell><Data ss:Type="String">api builder</Data></Cell>
    <Cell ss:Index="10" ss:StyleID="s65"/>
   </Row>
   <Row ss:AutoFitHeight="0">
    <Cell><Data ss:Type="String">apply-ALL</Data></Cell>
    <Cell ss:StyleID="Default"/>
    <Cell><Data ss:Type="String">prod-apibuilder-3x</Data></Cell>
    <Cell ss:StyleID="s64"><Data ss:Type="String">ct-admin</Data></Cell>
    <Cell ss:StyleID="s64"><Data ss:Type="String">access-public</Data></Cell>
    <Cell><Data ss:Type="String">env-cloud-private</Data></Cell>
    <Cell><Data ss:Type="String">api builder</Data></Cell>
    <Cell ss:StyleID="s64"/>
    <Cell ss:StyleID="s64"/>
    <Cell ss:StyleID="s65"/>
   </Row>
   <Row ss:AutoFitHeight="0">
    <Cell><Data ss:Type="String">default</Data></Cell>
    <Cell ss:StyleID="Default"/>
    <Cell><Data ss:Type="String">prod-apibuilder-3x</Data></Cell>
    <Cell ss:StyleID="s64"><Data ss:Type="String">ct-admin</Data></Cell>
    <Cell ss:StyleID="s64"><Data ss:Type="String">access-public</Data></Cell>
    <Cell><Data ss:Type="String">env-cloud-private</Data></Cell>
    <Cell><Data ss:Type="String">api builder</Data></Cell>
    <Cell ss:StyleID="s64"/>
    <Cell ss:StyleID="s64"/>
   </Row>
   <Row ss:AutoFitHeight="0">
    <Cell ss:StyleID="s66"/>
    <Cell ss:StyleID="s66"/>
    <Cell ss:StyleID="s66"/>
    <Cell ss:StyleID="s64"/>
    <Cell ss:StyleID="s66"/>
    <Cell ss:StyleID="s66"/>
    <Cell ss:StyleID="s66"/>
    <Cell ss:StyleID="s66"/>
    <Cell ss:StyleID="s66"/>
    <Cell ss:StyleID="s66"/>
   </Row>
   <Row ss:AutoFitHeight="0">
    <Cell ss:StyleID="s66"/>
    <Cell ss:StyleID="s66"/>
    <Cell ss:StyleID="s66"/>
    <Cell ss:StyleID="s66"/>
    <Cell ss:StyleID="s66"/>
    <Cell ss:StyleID="s66"/>
    <Cell ss:StyleID="s66"/>
    <Cell ss:StyleID="s66"/>
    <Cell ss:StyleID="s66"/>
    <Cell ss:StyleID="s66"/>
   </Row>
   <Row ss:AutoFitHeight="0">
    <Cell ss:StyleID="s66"/>
    <Cell ss:StyleID="s66"/>
    <Cell ss:StyleID="s66"/>
    <Cell ss:StyleID="s66"/>
    <Cell ss:StyleID="s66"/>
    <Cell ss:StyleID="s66"/>
    <Cell ss:StyleID="s66"/>
    <Cell ss:StyleID="s66"/>
    <Cell ss:StyleID="s66"/>
    <Cell ss:StyleID="s66"/>
   </Row>
   <Row ss:AutoFitHeight="0">
    <Cell ss:StyleID="s66"/>
    <Cell ss:StyleID="s66"/>
    <Cell ss:StyleID="s66"/>
    <Cell ss:StyleID="s66"/>
    <Cell ss:StyleID="s66"/>
    <Cell ss:StyleID="s66"/>
    <Cell ss:StyleID="s66"/>
    <Cell ss:StyleID="s66"/>
    <Cell ss:StyleID="s66"/>
    <Cell ss:StyleID="s66"/>
   </Row>
   <Row ss:AutoFitHeight="0">
    <Cell ss:StyleID="s66"/>
    <Cell ss:StyleID="s66"/>
    <Cell ss:StyleID="s66"/>
    <Cell ss:StyleID="s66"/>
    <Cell ss:StyleID="s66"/>
    <Cell ss:StyleID="s66"/>
    <Cell ss:StyleID="s66"/>
    <Cell ss:StyleID="s66"/>
    <Cell ss:StyleID="s66"/>
    <Cell ss:StyleID="s66"/>
   </Row>
   <Row ss:AutoFitHeight="0">
    <Cell ss:StyleID="s66"/>
    <Cell ss:StyleID="s66"/>
    <Cell ss:StyleID="s66"/>
    <Cell ss:StyleID="s66"/>
    <Cell ss:StyleID="s66"/>
    <Cell ss:StyleID="s66"/>
    <Cell ss:StyleID="s66"/>
    <Cell ss:StyleID="s66"/>
    <Cell ss:StyleID="s66"/>
    <Cell ss:StyleID="s66"/>
   </Row>
   <Row ss:AutoFitHeight="0">
    <Cell ss:StyleID="s66"/>
    <Cell ss:StyleID="s66"/>
    <Cell ss:StyleID="s66"/>
    <Cell ss:StyleID="s66"/>
    <Cell ss:StyleID="s66"/>
    <Cell ss:StyleID="s66"/>
    <Cell ss:StyleID="s66"/>
    <Cell ss:StyleID="s66"/>
    <Cell ss:StyleID="s66"/>
    <Cell ss:StyleID="s66"/>
   </Row>
   <Row ss:AutoFitHeight="0">
    <Cell ss:StyleID="s66"/>
    <Cell ss:StyleID="s66"/>
    <Cell ss:StyleID="s66"/>
    <Cell ss:StyleID="s66"/>
    <Cell ss:StyleID="s66"/>
    <Cell ss:StyleID="s66"/>
    <Cell ss:StyleID="s66"/>
    <Cell ss:StyleID="s66"/>
    <Cell ss:StyleID="s66"/>
    <Cell ss:StyleID="s66"/>
   </Row>
   <Row ss:AutoFitHeight="0">
    <Cell ss:StyleID="s66"/>
    <Cell ss:StyleID="s66"/>
    <Cell ss:StyleID="s66"/>
    <Cell ss:StyleID="s66"/>
    <Cell ss:StyleID="s66"/>
    <Cell ss:StyleID="s66"/>
    <Cell ss:StyleID="s66"/>
    <Cell ss:StyleID="s66"/>
    <Cell ss:StyleID="s66"/>
    <Cell ss:StyleID="s66"/>
   </Row>
   <Row ss:AutoFitHeight="0">
    <Cell ss:StyleID="s66"/>
    <Cell ss:StyleID="s66"/>
    <Cell ss:StyleID="s66"/>
    <Cell ss:StyleID="s66"/>
    <Cell ss:StyleID="s66"/>
    <Cell ss:StyleID="s66"/>
    <Cell ss:StyleID="s66"/>
    <Cell ss:StyleID="s66"/>
    <Cell ss:StyleID="s66"/>
    <Cell ss:StyleID="s66"/>
   </Row>
   <Row ss:AutoFitHeight="0">
    <Cell ss:StyleID="s66"/>
    <Cell ss:StyleID="s66"/>
    <Cell ss:StyleID="s66"/>
    <Cell ss:StyleID="s66"/>
    <Cell ss:StyleID="s66"/>
    <Cell ss:StyleID="s66"/>
    <Cell ss:StyleID="s66"/>
    <Cell ss:StyleID="s66"/>
    <Cell ss:StyleID="s66"/>
    <Cell ss:StyleID="s66"/>
   </Row>
   <Row ss:AutoFitHeight="0">
    <Cell ss:StyleID="s66"/>
    <Cell ss:StyleID="s66"/>
    <Cell ss:StyleID="s66"/>
    <Cell ss:StyleID="s66"/>
    <Cell ss:StyleID="s66"/>
    <Cell ss:StyleID="s66"/>
    <Cell ss:StyleID="s66"/>
    <Cell ss:StyleID="s66"/>
    <Cell ss:StyleID="s66"/>
    <Cell ss:StyleID="s66"/>
   </Row>
   <Row ss:AutoFitHeight="0">
    <Cell ss:StyleID="s66"/>
    <Cell ss:StyleID="s66"/>
    <Cell ss:StyleID="s66"/>
    <Cell ss:StyleID="s66"/>
    <Cell ss:StyleID="s66"/>
    <Cell ss:StyleID="s66"/>
    <Cell ss:StyleID="s66"/>
    <Cell ss:StyleID="s66"/>
    <Cell ss:StyleID="s66"/>
    <Cell ss:StyleID="s66"/>
   </Row>
   <Row ss:AutoFitHeight="0">
    <Cell ss:StyleID="s66"/>
    <Cell ss:StyleID="s66"/>
    <Cell ss:StyleID="s66"/>
    <Cell ss:StyleID="s66"/>
    <Cell ss:StyleID="s66"/>
    <Cell ss:StyleID="s66"/>
    <Cell ss:StyleID="s66"/>
    <Cell ss:StyleID="s66"/>
    <Cell ss:StyleID="s66"/>
    <Cell ss:StyleID="s66"/>
   </Row>
   <Row ss:AutoFitHeight="0">
    <Cell ss:StyleID="s66"/>
    <Cell ss:StyleID="s66"/>
    <Cell ss:StyleID="s66"/>
    <Cell ss:StyleID="s66"/>
    <Cell ss:StyleID="s66"/>
    <Cell ss:StyleID="s66"/>
    <Cell ss:StyleID="s66"/>
    <Cell ss:StyleID="s66"/>
    <Cell ss:StyleID="s66"/>
    <Cell ss:StyleID="s66"/>
   </Row>
   <Row ss:AutoFitHeight="0">
    <Cell ss:StyleID="s66"/>
    <Cell ss:StyleID="s66"/>
    <Cell ss:StyleID="s66"/>
    <Cell ss:StyleID="s66"/>
    <Cell ss:StyleID="s66"/>
    <Cell ss:StyleID="s66"/>
    <Cell ss:StyleID="s66"/>
    <Cell ss:StyleID="s66"/>
    <Cell ss:StyleID="s66"/>
    <Cell ss:StyleID="s66"/>
   </Row>
   <Row ss:AutoFitHeight="0">
    <Cell ss:StyleID="s66"/>
    <Cell ss:StyleID="s66"/>
    <Cell ss:StyleID="s66"/>
    <Cell ss:StyleID="s66"/>
    <Cell ss:StyleID="s66"/>
    <Cell ss:StyleID="s66"/>
    <Cell ss:StyleID="s66"/>
    <Cell ss:StyleID="s66"/>
    <Cell ss:StyleID="s66"/>
    <Cell ss:StyleID="s66"/>
   </Row>
   <Row ss:AutoFitHeight="0">
    <Cell ss:StyleID="s66"/>
    <Cell ss:StyleID="s66"/>
    <Cell ss:StyleID="s66"/>
    <Cell ss:StyleID="s66"/>
    <Cell ss:StyleID="s66"/>
    <Cell ss:StyleID="s66"/>
    <Cell ss:StyleID="s66"/>
    <Cell ss:StyleID="s66"/>
    <Cell ss:StyleID="s66"/>
    <Cell ss:StyleID="s66"/>
   </Row>
   <Row ss:AutoFitHeight="0">
    <Cell ss:StyleID="s66"/>
    <Cell ss:StyleID="s66"/>
    <Cell ss:StyleID="s66"/>
    <Cell ss:StyleID="s66"/>
    <Cell ss:StyleID="s66"/>
    <Cell ss:StyleID="s66"/>
    <Cell ss:StyleID="s66"/>
    <Cell ss:StyleID="s66"/>
    <Cell ss:StyleID="s66"/>
    <Cell ss:StyleID="s66"/>
   </Row>
   <Row ss:AutoFitHeight="0">
    <Cell ss:StyleID="s66"/>
    <Cell ss:StyleID="s66"/>
    <Cell ss:StyleID="s66"/>
    <Cell ss:StyleID="s66"/>
    <Cell ss:StyleID="s66"/>
    <Cell ss:StyleID="s66"/>
    <Cell ss:StyleID="s66"/>
    <Cell ss:StyleID="s66"/>
    <Cell ss:StyleID="s66"/>
    <Cell ss:StyleID="s66"/>
   </Row>
   <Row ss:AutoFitHeight="0">
    <Cell ss:StyleID="s66"/>
    <Cell ss:StyleID="s66"/>
    <Cell ss:StyleID="s66"/>
    <Cell ss:StyleID="s66"/>
    <Cell ss:StyleID="s66"/>
    <Cell ss:StyleID="s66"/>
    <Cell ss:StyleID="s66"/>
    <Cell ss:StyleID="s66"/>
    <Cell ss:StyleID="s66"/>
    <Cell ss:StyleID="s66"/>
   </Row>
   <Row ss:AutoFitHeight="0">
    <Cell ss:StyleID="s66"/>
    <Cell ss:StyleID="s66"/>
    <Cell ss:StyleID="s66"/>
    <Cell ss:StyleID="s66"/>
    <Cell ss:StyleID="s66"/>
    <Cell ss:StyleID="s66"/>
    <Cell ss:StyleID="s66"/>
    <Cell ss:StyleID="s66"/>
    <Cell ss:StyleID="s66"/>
    <Cell ss:StyleID="s66"/>
   </Row>
   <Row ss:AutoFitHeight="0">
    <Cell ss:StyleID="s66"/>
    <Cell ss:StyleID="s66"/>
    <Cell ss:StyleID="s66"/>
    <Cell ss:StyleID="s66"/>
    <Cell ss:StyleID="s66"/>
    <Cell ss:StyleID="s66"/>
    <Cell ss:StyleID="s66"/>
    <Cell ss:StyleID="s66"/>
    <Cell ss:StyleID="s66"/>
    <Cell ss:StyleID="s66"/>
   </Row>
   <Row ss:AutoFitHeight="0">
    <Cell ss:StyleID="s66"/>
    <Cell ss:StyleID="s66"/>
    <Cell ss:StyleID="s66"/>
    <Cell ss:StyleID="s66"/>
    <Cell ss:StyleID="s66"/>
    <Cell ss:StyleID="s66"/>
    <Cell ss:StyleID="s66"/>
    <Cell ss:StyleID="s66"/>
    <Cell ss:StyleID="s66"/>
    <Cell ss:StyleID="s66"/>
   </Row>
   <Row ss:AutoFitHeight="0">
    <Cell ss:StyleID="s66"/>
    <Cell ss:StyleID="s66"/>
    <Cell ss:StyleID="s66"/>
    <Cell ss:StyleID="s66"/>
    <Cell ss:StyleID="s66"/>
    <Cell ss:StyleID="s66"/>
    <Cell ss:StyleID="s66"/>
    <Cell ss:StyleID="s66"/>
    <Cell ss:StyleID="s66"/>
    <Cell ss:StyleID="s66"/>
   </Row>
   <Row ss:AutoFitHeight="0">
    <Cell ss:StyleID="s66"/>
    <Cell ss:StyleID="s66"/>
    <Cell ss:StyleID="s66"/>
    <Cell ss:StyleID="s66"/>
    <Cell ss:StyleID="s66"/>
    <Cell ss:StyleID="s66"/>
    <Cell ss:StyleID="s66"/>
    <Cell ss:StyleID="s66"/>
    <Cell ss:StyleID="s66"/>
    <Cell ss:StyleID="s66"/>
   </Row>
   <Row ss:AutoFitHeight="0">
    <Cell ss:StyleID="s66"/>
    <Cell ss:StyleID="s66"/>
    <Cell ss:StyleID="s66"/>
    <Cell ss:StyleID="s66"/>
    <Cell ss:StyleID="s66"/>
    <Cell ss:StyleID="s66"/>
    <Cell ss:StyleID="s66"/>
    <Cell ss:StyleID="s66"/>
    <Cell ss:StyleID="s66"/>
    <Cell ss:StyleID="s66"/>
   </Row>
   <Row ss:AutoFitHeight="0">
    <Cell ss:StyleID="s66"/>
    <Cell ss:StyleID="s66"/>
    <Cell ss:StyleID="s66"/>
    <Cell ss:StyleID="s66"/>
    <Cell ss:StyleID="s66"/>
    <Cell ss:StyleID="s66"/>
    <Cell ss:StyleID="s66"/>
    <Cell ss:StyleID="s66"/>
    <Cell ss:StyleID="s66"/>
    <Cell ss:StyleID="s66"/>
   </Row>
   <Row ss:AutoFitHeight="0">
    <Cell ss:StyleID="s66"/>
    <Cell ss:StyleID="s66"/>
    <Cell ss:StyleID="s66"/>
    <Cell ss:StyleID="s66"/>
    <Cell ss:StyleID="s66"/>
    <Cell ss:StyleID="s66"/>
    <Cell ss:StyleID="s66"/>
    <Cell ss:StyleID="s66"/>
    <Cell ss:StyleID="s66"/>
    <Cell ss:StyleID="s66"/>
   </Row>
   <Row ss:AutoFitHeight="0">
    <Cell ss:StyleID="s66"/>
    <Cell ss:StyleID="s66"/>
    <Cell ss:StyleID="s66"/>
    <Cell ss:StyleID="s66"/>
    <Cell ss:StyleID="s66"/>
    <Cell ss:StyleID="s66"/>
    <Cell ss:StyleID="s66"/>
    <Cell ss:StyleID="s66"/>
    <Cell ss:StyleID="s66"/>
    <Cell ss:StyleID="s66"/>
   </Row>
  </Table>
  <WorksheetOptions xmlns="urn:schemas-microsoft-com:office:excel">
   <PageSetup>
    <Header x:Margin="0.3"/>
    <Footer x:Margin="0.3"/>
    <PageMargins x:Bottom="0.75" x:Left="0.7" x:Right="0.7" x:Top="0.75"/>
   </PageSetup>
   <Unsynced/>
   <Print>
    <ValidPrinterInfo/>
    <HorizontalResolution>600</HorizontalResolution>
    <VerticalResolution>600</VerticalResolution>
   </Print>
   <Zoom>150</Zoom>
   <Selected/>
   <FreezePanes/>
   <FrozenNoSplit/>
   <SplitHorizontal>1</SplitHorizontal>
   <TopRowBottomPane>1</TopRowBottomPane>
   <ActivePane>2</ActivePane>
   <Panes>
    <Pane>
     <Number>3</Number>
    </Pane>
    <Pane>
     <Number>2</Number>
     <ActiveRow>4</ActiveRow>
     <ActiveCol>2</ActiveCol>
    </Pane>
   </Panes>
   <ProtectObjects>False</ProtectObjects>
   <ProtectScenarios>False</ProtectScenarios>
   <x:PageLayoutZoom>150</x:PageLayoutZoom>
  </WorksheetOptions>
  <DataValidation xmlns="urn:schemas-microsoft-com:office:excel">
   <Range>R2C5:R100C5</Range>
   <Type>List</Type>
   <Value>AccessList</Value>
  </DataValidation>
  <DataValidation xmlns="urn:schemas-microsoft-com:office:excel">
   <Range>R2C4:R100C4</Range>
   <Type>List</Type>
   <Value>ContentList</Value>
  </DataValidation>
  <DataValidation xmlns="urn:schemas-microsoft-com:office:excel">
   <Range>R2C6:R100C6</Range>
   <Type>List</Type>
   <Value>EnvironmentList</Value>
  </DataValidation>
  <DataValidation xmlns="urn:schemas-microsoft-com:office:excel">
   <Range>R5C3:R100C3</Range>
   <Type>List</Type>
   <Value>ProductList</Value>
  </DataValidation>
 </Worksheet>
 <Worksheet ss:Name="data">
  <Table ss:ExpandedColumnCount="5" ss:ExpandedRowCount="112" x:FullColumns="1"
   x:FullRows="1" ss:DefaultColumnWidth="64.8" ss:DefaultRowHeight="14.55">
   <Column ss:AutoFitWidth="0" ss:Width="124.2"/>
   <Column ss:AutoFitWidth="0" ss:Width="97.2" ss:Span="1"/>
   <Column ss:Index="4" ss:AutoFitWidth="0" ss:Width="105"/>
   <Column ss:AutoFitWidth="0" ss:Width="256.8"/>
   <Row ss:AutoFitHeight="0" ss:Height="13.950000000000001">
    <Cell ss:StyleID="s67"><Data ss:Type="String">Admins only can edit</Data></Cell>
    <Cell ss:StyleID="s67"><Data ss:Type="String">this sheet</Data></Cell>
    <Cell ss:Index="5" ss:StyleID="s68"><Data ss:Type="String">due to volatility, DI product facets could be outdated</Data></Cell>
   </Row>
   <Row ss:AutoFitHeight="0" ss:Height="13.950000000000001">
    <Cell><Data ss:Type="String">ProductList</Data></Cell>
    <Cell><Data ss:Type="String">ContentList</Data></Cell>
    <Cell><Data ss:Type="String">AccessList</Data></Cell>
    <Cell><Data ss:Type="String">EnvironmentList</Data></Cell>
    <Cell ss:StyleID="s68"><Data ss:Type="String">see latest subject scheme</Data></Cell>
   </Row>
   <Row ss:AutoFitHeight="0" ss:Height="13.950000000000001">
    <Cell ss:StyleID="s69"><Data ss:Type="String">prod-activator</Data><NamedCell
      ss:Name="ProductList"/></Cell>
    <Cell ss:StyleID="s70"><Data ss:Type="String">ct-accessibility</Data><NamedCell
      ss:Name="ContentList"/></Cell>
    <Cell ss:StyleID="s70"><Data ss:Type="String">access-customer</Data><NamedCell
      ss:Name="AccessList"/></Cell>
    <Cell ss:StyleID="s70"><Data ss:Type="String">env-appliance</Data><NamedCell
      ss:Name="EnvironmentList"/></Cell>
   </Row>
   <Row ss:AutoFitHeight="0" ss:Height="13.950000000000001">
    <Cell ss:StyleID="s69"><Data ss:Type="String">prod-activator-5120</Data><NamedCell
      ss:Name="ProductList"/></Cell>
    <Cell ss:StyleID="s69"><Data ss:Type="String">ct-admin</Data><NamedCell
      ss:Name="ContentList"/></Cell>
    <Cell ss:StyleID="s70"><Data ss:Type="String">access-internal</Data><NamedCell
      ss:Name="AccessList"/></Cell>
    <Cell ss:StyleID="s70"><Data ss:Type="String">env-cloud</Data><NamedCell
      ss:Name="EnvironmentList"/></Cell>
   </Row>
   <Row ss:AutoFitHeight="0" ss:Height="13.950000000000001">
    <Cell ss:StyleID="s69"><Data ss:Type="String">prod-builder</Data><NamedCell
      ss:Name="ProductList"/></Cell>
    <Cell ss:StyleID="s69"><Data ss:Type="String">ct-admin-config</Data><NamedCell
      ss:Name="ContentList"/></Cell>
    <Cell ss:StyleID="s71"><Data ss:Type="String">access-public</Data><NamedCell
      ss:Name="AccessList"/></Cell>
    <Cell ss:StyleID="s70"><Data ss:Type="String">env-cloud-axway</Data><NamedCell
      ss:Name="EnvironmentList"/></Cell>
   </Row>
   <Row ss:AutoFitHeight="0" ss:Height="13.950000000000001">
    <Cell ss:StyleID="s69"><Data ss:Type="String">prod-builder-tools</Data><NamedCell
      ss:Name="ProductList"/></Cell>
    <Cell ss:StyleID="s69"><Data ss:Type="String">ct-admin-deploy</Data><NamedCell
      ss:Name="ContentList"/></Cell>
    <Cell ss:StyleID="s70"/>
    <Cell ss:StyleID="s70"><Data ss:Type="String">env-cloud-private</Data><NamedCell
      ss:Name="EnvironmentList"/></Cell>
   </Row>
   <Row ss:AutoFitHeight="0" ss:Height="13.950000000000001">
    <Cell ss:StyleID="s69"><Data ss:Type="String">prod-builder-runtime</Data><NamedCell
      ss:Name="ProductList"/></Cell>
    <Cell ss:StyleID="s72"><Data ss:Type="String">ct-admin-integrate</Data><NamedCell
      ss:Name="ContentList"/></Cell>
    <Cell ss:Index="4" ss:StyleID="s70"><Data ss:Type="String">env-container</Data><NamedCell
      ss:Name="EnvironmentList"/></Cell>
   </Row>
   <Row ss:AutoFitHeight="0" ss:Height="13.950000000000001">
    <Cell ss:StyleID="s69"><Data ss:Type="String">prod-appc-backend</Data><NamedCell
      ss:Name="ProductList"/></Cell>
    <Cell ss:StyleID="s72"><Data ss:Type="String">ct-bp</Data><NamedCell
      ss:Name="ContentList"/></Cell>
    <Cell ss:Index="4" ss:StyleID="s70"><Data ss:Type="String">env-onprem</Data><NamedCell
      ss:Name="EnvironmentList"/></Cell>
   </Row>
   <Row ss:AutoFitHeight="0" ss:Height="13.950000000000001">
    <Cell ss:StyleID="s69"><Data ss:Type="String">prod-api-gateway</Data><NamedCell
      ss:Name="ProductList"/></Cell>
    <Cell ss:StyleID="s72"><Data ss:Type="String">ct-bp-capacity</Data><NamedCell
      ss:Name="ContentList"/></Cell>
    <Cell ss:Index="4" ss:StyleID="s70"><Data ss:Type="String">env-onprem-unix</Data><NamedCell
      ss:Name="EnvironmentList"/></Cell>
   </Row>
   <Row ss:AutoFitHeight="0" ss:Height="13.950000000000001">
    <Cell ss:StyleID="s69"><Data ss:Type="String">prod-api-gateway-741</Data><NamedCell
      ss:Name="ProductList"/></Cell>
    <Cell ss:StyleID="s72"><Data ss:Type="String">ct-bp-security</Data><NamedCell
      ss:Name="ContentList"/></Cell>
    <Cell ss:Index="4" ss:StyleID="s70"><Data ss:Type="String">env-onprem-mac</Data><NamedCell
      ss:Name="EnvironmentList"/></Cell>
   </Row>
   <Row ss:AutoFitHeight="0" ss:Height="13.950000000000001">
    <Cell ss:StyleID="s69"><Data ss:Type="String">prod-api-gateway-751</Data><NamedCell
      ss:Name="ProductList"/></Cell>
    <Cell ss:StyleID="s72"><Data ss:Type="String">ct-dev</Data><NamedCell
      ss:Name="ContentList"/></Cell>
    <Cell ss:Index="4" ss:StyleID="s70"><Data ss:Type="String">env-onprem-windows</Data><NamedCell
      ss:Name="EnvironmentList"/></Cell>
   </Row>
   <Row ss:AutoFitHeight="0" ss:Height="13.950000000000001">
    <Cell ss:StyleID="s69"><Data ss:Type="String">prod-api-gateway-752</Data><NamedCell
      ss:Name="ProductList"/></Cell>
    <Cell ss:StyleID="s72"><Data ss:Type="String">ct-dev-api</Data><NamedCell
      ss:Name="ContentList"/></Cell>
    <Cell ss:Index="4" ss:StyleID="s70"><Data ss:Type="String">env-onprem-other</Data><NamedCell
      ss:Name="EnvironmentList"/></Cell>
   </Row>
   <Row ss:AutoFitHeight="0" ss:Height="13.950000000000001">
    <Cell ss:StyleID="s69"><Data ss:Type="String">prod-api-gateway-753</Data><NamedCell
      ss:Name="ProductList"/></Cell>
    <Cell ss:StyleID="s72"><Data ss:Type="String">ct-dev-app</Data><NamedCell
      ss:Name="ContentList"/></Cell>
    <Cell ss:Index="4" ss:StyleID="s70"><Data ss:Type="String">env-na</Data><NamedCell
      ss:Name="EnvironmentList"/></Cell>
   </Row>
   <Row ss:AutoFitHeight="0" ss:Height="13.950000000000001">
    <Cell ss:StyleID="s69"><Data ss:Type="String">prod-vm</Data><NamedCell
      ss:Name="ProductList"/></Cell>
    <Cell ss:StyleID="s72"><Data ss:Type="String">ct-dev-policy</Data><NamedCell
      ss:Name="ContentList"/></Cell>
   </Row>
   <Row ss:AutoFitHeight="0" ss:Height="13.950000000000001">
    <Cell ss:StyleID="s69"><Data ss:Type="String">prod-vm-751</Data><NamedCell
      ss:Name="ProductList"/></Cell>
    <Cell ss:StyleID="s72"><Data ss:Type="String">ct-dev-connector</Data><NamedCell
      ss:Name="ContentList"/></Cell>
   </Row>
   <Row ss:AutoFitHeight="0" ss:Height="13.950000000000001">
    <Cell ss:StyleID="s69"><Data ss:Type="String">prod-vm-752</Data><NamedCell
      ss:Name="ProductList"/></Cell>
    <Cell ss:StyleID="s72"><Data ss:Type="String">ct-faq</Data><NamedCell
      ss:Name="ContentList"/></Cell>
   </Row>
   <Row ss:AutoFitHeight="0" ss:Height="13.950000000000001">
    <Cell ss:StyleID="s69"><Data ss:Type="String">prod-vm-753</Data><NamedCell
      ss:Name="ProductList"/></Cell>
    <Cell ss:StyleID="s72"><Data ss:Type="String">ct-getstarted</Data><NamedCell
      ss:Name="ContentList"/></Cell>
   </Row>
   <Row ss:AutoFitHeight="0" ss:Height="13.950000000000001">
    <Cell ss:StyleID="s69"><Data ss:Type="String">prod-api-manage-plus</Data><NamedCell
      ss:Name="ProductList"/></Cell>
    <Cell ss:StyleID="s72"><Data ss:Type="String">ct-howto</Data><NamedCell
      ss:Name="ContentList"/></Cell>
   </Row>
   <Row ss:AutoFitHeight="0" ss:Height="13.950000000000001">
    <Cell ss:StyleID="s69"><Data ss:Type="String">prod-api-manager</Data><NamedCell
      ss:Name="ProductList"/></Cell>
    <Cell ss:StyleID="s72"><Data ss:Type="String">ct-install</Data><NamedCell
      ss:Name="ContentList"/></Cell>
   </Row>
   <Row ss:AutoFitHeight="0" ss:Height="13.950000000000001">
    <Cell ss:StyleID="s69"><Data ss:Type="String">prod-api-manager-741</Data><NamedCell
      ss:Name="ProductList"/></Cell>
    <Cell ss:StyleID="s69"><Data ss:Type="String">ct-interop-matrix</Data><NamedCell
      ss:Name="ContentList"/></Cell>
   </Row>
   <Row ss:AutoFitHeight="0" ss:Height="13.950000000000001">
    <Cell ss:StyleID="s69"><Data ss:Type="String">prod-api-manager-751</Data><NamedCell
      ss:Name="ProductList"/></Cell>
    <Cell ss:StyleID="s72"><Data ss:Type="String">ct-overview</Data><NamedCell
      ss:Name="ContentList"/></Cell>
   </Row>
   <Row ss:AutoFitHeight="0" ss:Height="13.950000000000001">
    <Cell ss:StyleID="s69"><Data ss:Type="String">prod-api-manager-752</Data><NamedCell
      ss:Name="ProductList"/></Cell>
    <Cell ss:StyleID="s69"><Data ss:Type="String">ct-platforms</Data><NamedCell
      ss:Name="ContentList"/></Cell>
   </Row>
   <Row ss:AutoFitHeight="0" ss:Height="13.950000000000001">
    <Cell ss:StyleID="s69"><Data ss:Type="String">prod-api-manager-753</Data><NamedCell
      ss:Name="ProductList"/></Cell>
    <Cell ss:StyleID="s72"><Data ss:Type="String">ct-reference</Data><NamedCell
      ss:Name="ContentList"/></Cell>
   </Row>
   <Row ss:AutoFitHeight="0" ss:Height="13.950000000000001">
    <Cell ss:StyleID="s69"><Data ss:Type="String">prod-api-portal</Data><NamedCell
      ss:Name="ProductList"/></Cell>
    <Cell ss:StyleID="s72"><Data ss:Type="String">ct-releasenotes</Data><NamedCell
      ss:Name="ContentList"/></Cell>
   </Row>
   <Row ss:AutoFitHeight="0" ss:Height="13.950000000000001">
    <Cell ss:StyleID="s69"><Data ss:Type="String">prod-api-portal-751</Data><NamedCell
      ss:Name="ProductList"/></Cell>
    <Cell ss:StyleID="s72"><Data ss:Type="String">ct-trouble</Data><NamedCell
      ss:Name="ContentList"/></Cell>
   </Row>
   <Row ss:AutoFitHeight="0" ss:Height="13.950000000000001">
    <Cell ss:StyleID="s69"><Data ss:Type="String">prod-api-portal-752</Data><NamedCell
      ss:Name="ProductList"/></Cell>
    <Cell ss:StyleID="s70"><Data ss:Type="String">ct-trouble-error</Data><NamedCell
      ss:Name="ContentList"/></Cell>
   </Row>
   <Row ss:AutoFitHeight="0" ss:Height="13.950000000000001">
    <Cell ss:StyleID="s69"><Data ss:Type="String">prod-api-portal-753</Data><NamedCell
      ss:Name="ProductList"/></Cell>
    <Cell ss:StyleID="s70"><Data ss:Type="String">ct-tutorial</Data><NamedCell
      ss:Name="ContentList"/></Cell>
   </Row>
   <Row ss:AutoFitHeight="0" ss:Height="13.950000000000001">
    <Cell ss:StyleID="s69"><Data ss:Type="String">prod-api-portal-754</Data><NamedCell
      ss:Name="ProductList"/></Cell>
    <Cell ss:StyleID="s70"><Data ss:Type="String">ct-upgrade</Data><NamedCell
      ss:Name="ContentList"/></Cell>
   </Row>
   <Row ss:AutoFitHeight="0" ss:Height="13.950000000000001">
    <Cell ss:StyleID="s69"><Data ss:Type="String">prod-api-portal-755</Data><NamedCell
      ss:Name="ProductList"/></Cell>
    <Cell ss:StyleID="s70"><Data ss:Type="String">ct-user</Data><NamedCell
      ss:Name="ContentList"/></Cell>
   </Row>
   <Row ss:AutoFitHeight="0" ss:Height="13.950000000000001">
    <Cell ss:StyleID="s69"><Data ss:Type="String">prod-api-runtime</Data><NamedCell
      ss:Name="ProductList"/></Cell>
    <Cell ss:StyleID="s70"><Data ss:Type="String">ct-category</Data><NamedCell
      ss:Name="ContentList"/></Cell>
   </Row>
   <Row ss:AutoFitHeight="0" ss:Height="13.950000000000001">
    <Cell ss:StyleID="s69"><Data ss:Type="String">prod-appc</Data><NamedCell
      ss:Name="ProductList"/></Cell>
   </Row>
   <Row ss:AutoFitHeight="0" ss:Height="13.950000000000001">
    <Cell ss:StyleID="s69"><Data ss:Type="String">prod-appc-alloy</Data><NamedCell
      ss:Name="ProductList"/></Cell>
   </Row>
   <Row ss:AutoFitHeight="0" ss:Height="13.950000000000001">
    <Cell ss:StyleID="s69"><Data ss:Type="String">prod-builder-tools</Data><NamedCell
      ss:Name="ProductList"/></Cell>
   </Row>
   <Row ss:AutoFitHeight="0" ss:Height="13.950000000000001">
    <Cell ss:StyleID="s69"><Data ss:Type="String">prod-builder-runtime</Data><NamedCell
      ss:Name="ProductList"/></Cell>
   </Row>
   <Row ss:AutoFitHeight="0" ss:Height="13.950000000000001">
    <Cell ss:StyleID="s69"><Data ss:Type="String">prod-appc-cli</Data><NamedCell
      ss:Name="ProductList"/></Cell>
   </Row>
   <Row ss:AutoFitHeight="0" ss:Height="13.950000000000001">
    <Cell ss:StyleID="s69"><Data ss:Type="String">prod-appc-dash</Data><NamedCell
      ss:Name="ProductList"/></Cell>
   </Row>
   <Row ss:AutoFitHeight="0" ss:Height="13.950000000000001">
    <Cell ss:StyleID="s69"><Data ss:Type="String">prod-appc-platform</Data><NamedCell
      ss:Name="ProductList"/></Cell>
   </Row>
   <Row ss:AutoFitHeight="0" ss:Height="13.950000000000001">
    <Cell ss:StyleID="s69"><Data ss:Type="String">prod-appc-studio</Data><NamedCell
      ss:Name="ProductList"/></Cell>
   </Row>
   <Row ss:AutoFitHeight="0" ss:Height="13.950000000000001">
    <Cell ss:StyleID="s69"><Data ss:Type="String">prod-appc-backend</Data><NamedCell
      ss:Name="ProductList"/></Cell>
   </Row>
   <Row ss:AutoFitHeight="0" ss:Height="13.950000000000001">
    <Cell ss:StyleID="s69"><Data ss:Type="String">prod-appc-sdk</Data><NamedCell
      ss:Name="ProductList"/></Cell>
   </Row>
   <Row ss:AutoFitHeight="0" ss:Height="13.950000000000001">
    <Cell ss:StyleID="s69"><Data ss:Type="String">prod-b2bi</Data><NamedCell
      ss:Name="ProductList"/></Cell>
   </Row>
   <Row ss:AutoFitHeight="0" ss:Height="13.950000000000001">
    <Cell ss:StyleID="s69"><Data ss:Type="String">prod-b2bi-210</Data><NamedCell
      ss:Name="ProductList"/></Cell>
   </Row>
   <Row ss:AutoFitHeight="0" ss:Height="13.950000000000001">
    <Cell ss:StyleID="s69"><Data ss:Type="String">prod-b2bi-221</Data><NamedCell
      ss:Name="ProductList"/></Cell>
   </Row>
   <Row ss:AutoFitHeight="0" ss:Height="13.950000000000001">
    <Cell ss:StyleID="s69"><Data ss:Type="String">prod-b2bi-230</Data><NamedCell
      ss:Name="ProductList"/></Cell>
   </Row>
   <Row ss:AutoFitHeight="0" ss:Height="13.950000000000001">
    <Cell ss:StyleID="s69"><Data ss:Type="String">prod-cg</Data><NamedCell
      ss:Name="ProductList"/></Cell>
   </Row>
   <Row ss:AutoFitHeight="0" ss:Height="13.950000000000001">
    <Cell ss:StyleID="s69"><Data ss:Type="String">prod-cg-103</Data><NamedCell
      ss:Name="ProductList"/></Cell>
   </Row>
   <Row ss:AutoFitHeight="0" ss:Height="13.950000000000001">
    <Cell ss:StyleID="s69"><Data ss:Type="String">prod-cg-110</Data><NamedCell
      ss:Name="ProductList"/></Cell>
   </Row>
   <Row ss:AutoFitHeight="0" ss:Height="13.950000000000001">
    <Cell ss:StyleID="s69"><Data ss:Type="String">prod-cg-111</Data><NamedCell
      ss:Name="ProductList"/></Cell>
   </Row>
   <Row ss:AutoFitHeight="0" ss:Height="13.950000000000001">
    <Cell ss:StyleID="s69"><Data ss:Type="String">prod-cg-112</Data><NamedCell
      ss:Name="ProductList"/></Cell>
   </Row>
   <Row ss:AutoFitHeight="0" ss:Height="13.950000000000001">
    <Cell ss:StyleID="s69"><Data ss:Type="String">prod-cg-113</Data><NamedCell
      ss:Name="ProductList"/></Cell>
   </Row>
   <Row ss:AutoFitHeight="0" ss:Height="13.950000000000001">
    <Cell ss:StyleID="s69"><Data ss:Type="String">prod-cloud-api-man</Data><NamedCell
      ss:Name="ProductList"/></Cell>
   </Row>
   <Row ss:AutoFitHeight="0" ss:Height="13.950000000000001">
    <Cell ss:StyleID="s69"><Data ss:Type="String">prod-cloud-api-man-742</Data><NamedCell
      ss:Name="ProductList"/></Cell>
   </Row>
   <Row ss:AutoFitHeight="0" ss:Height="13.950000000000001">
    <Cell ss:StyleID="s69"><Data ss:Type="String">prod-cloud-api-man-751</Data><NamedCell
      ss:Name="ProductList"/></Cell>
   </Row>
   <Row ss:AutoFitHeight="0" ss:Height="13.950000000000001">
    <Cell ss:StyleID="s69"><Data ss:Type="String">prod-cloud-api-man-752</Data><NamedCell
      ss:Name="ProductList"/></Cell>
   </Row>
   <Row ss:AutoFitHeight="0" ss:Height="13.950000000000001">
    <Cell ss:StyleID="s69"><Data ss:Type="String">prod-cloud-api-man-753</Data><NamedCell
      ss:Name="ProductList"/></Cell>
   </Row>
   <Row ss:AutoFitHeight="0" ss:Height="13.950000000000001">
    <Cell ss:StyleID="s69"><Data ss:Type="String">prod-di</Data><NamedCell
      ss:Name="ProductList"/></Cell>
   </Row>
   <Row ss:AutoFitHeight="0" ss:Height="13.950000000000001">
    <Cell ss:StyleID="s73"><Data ss:Type="String">prod-di-20170724</Data><NamedCell
      ss:Name="ProductList"/></Cell>
   </Row>
   <Row ss:AutoFitHeight="0" ss:Height="13.950000000000001">
    <Cell ss:StyleID="s73"><Data ss:Type="String">prod-di-20170710</Data><NamedCell
      ss:Name="ProductList"/></Cell>
   </Row>
   <Row ss:AutoFitHeight="0" ss:Height="13.950000000000001">
    <Cell ss:StyleID="s73"><Data ss:Type="String">prod-di-20170626</Data><NamedCell
      ss:Name="ProductList"/></Cell>
   </Row>
   <Row ss:AutoFitHeight="0" ss:Height="13.950000000000001">
    <Cell ss:StyleID="s73"><Data ss:Type="String">prod-di-20170529</Data><NamedCell
      ss:Name="ProductList"/></Cell>
   </Row>
   <Row ss:AutoFitHeight="0" ss:Height="13.950000000000001">
    <Cell ss:StyleID="s74"><Data ss:Type="String">prod-di-20170515</Data><NamedCell
      ss:Name="ProductList"/></Cell>
   </Row>
   <Row ss:AutoFitHeight="0" ss:Height="13.950000000000001">
    <Cell ss:StyleID="s74"><Data ss:Type="String">prod-di-20170501</Data><NamedCell
      ss:Name="ProductList"/></Cell>
   </Row>
   <Row ss:AutoFitHeight="0" ss:Height="13.950000000000001">
    <Cell ss:StyleID="s74"><Data ss:Type="String">prod-di-20170417</Data><NamedCell
      ss:Name="ProductList"/></Cell>
   </Row>
   <Row ss:AutoFitHeight="0" ss:Height="13.950000000000001">
    <Cell ss:StyleID="s74"><Data ss:Type="String">prod-di-20170320</Data><NamedCell
      ss:Name="ProductList"/></Cell>
   </Row>
   <Row ss:AutoFitHeight="0" ss:Height="13.950000000000001">
    <Cell ss:StyleID="s74"><Data ss:Type="String">prod-di-20170306</Data><NamedCell
      ss:Name="ProductList"/></Cell>
   </Row>
   <Row ss:AutoFitHeight="0" ss:Height="13.950000000000001">
    <Cell ss:StyleID="s74"><Data ss:Type="String">prod-di-20170220</Data><NamedCell
      ss:Name="ProductList"/></Cell>
   </Row>
   <Row ss:AutoFitHeight="0" ss:Height="13.950000000000001">
    <Cell ss:StyleID="s74"><Data ss:Type="String">prod-di-20170206</Data><NamedCell
      ss:Name="ProductList"/></Cell>
   </Row>
   <Row ss:AutoFitHeight="0" ss:Height="13.950000000000001">
    <Cell ss:StyleID="s74"><Data ss:Type="String">prod-di-20170123</Data><NamedCell
      ss:Name="ProductList"/></Cell>
   </Row>
   <Row ss:AutoFitHeight="0" ss:Height="13.950000000000001">
    <Cell ss:StyleID="s74"><Data ss:Type="String">prod-di-20170109</Data><NamedCell
      ss:Name="ProductList"/></Cell>
   </Row>
   <Row ss:AutoFitHeight="0" ss:Height="13.950000000000001">
    <Cell ss:StyleID="s74"><Data ss:Type="String">prod-di-20161219</Data><NamedCell
      ss:Name="ProductList"/></Cell>
   </Row>
   <Row ss:AutoFitHeight="0" ss:Height="13.950000000000001">
    <Cell ss:StyleID="s74"><Data ss:Type="String">prod-di-20161205</Data><NamedCell
      ss:Name="ProductList"/></Cell>
   </Row>
   <Row ss:AutoFitHeight="0" ss:Height="13.950000000000001">
    <Cell ss:StyleID="s74"><Data ss:Type="String">prod-di-20161121</Data><NamedCell
      ss:Name="ProductList"/></Cell>
   </Row>
   <Row ss:AutoFitHeight="0" ss:Height="13.950000000000001">
    <Cell ss:StyleID="s74"><Data ss:Type="String">prod-di-ms</Data><NamedCell
      ss:Name="ProductList"/></Cell>
   </Row>
   <Row ss:AutoFitHeight="0" ss:Height="13.950000000000001">
    <Cell ss:StyleID="s75"><Data ss:Type="String">prod-di-ms-20170220</Data><NamedCell
      ss:Name="ProductList"/></Cell>
   </Row>
   <Row ss:AutoFitHeight="0" ss:Height="13.950000000000001">
    <Cell ss:StyleID="s75"><Data ss:Type="String">prod-di-ms-20170320</Data><NamedCell
      ss:Name="ProductList"/></Cell>
   </Row>
   <Row ss:AutoFitHeight="0" ss:Height="13.950000000000001">
    <Cell ss:StyleID="s75"><Data ss:Type="String">prod-di-ms-20170417</Data><NamedCell
      ss:Name="ProductList"/></Cell>
   </Row>
   <Row ss:AutoFitHeight="0" ss:Height="13.950000000000001">
    <Cell ss:StyleID="s75"><Data ss:Type="String">prod-di-ms-20170501</Data><NamedCell
      ss:Name="ProductList"/></Cell>
   </Row>
   <Row ss:AutoFitHeight="0" ss:Height="13.950000000000001">
    <Cell ss:StyleID="s75"><Data ss:Type="String">prod-embed</Data><NamedCell
      ss:Name="ProductList"/></Cell>
   </Row>
   <Row ss:AutoFitHeight="0" ss:Height="13.950000000000001">
    <Cell ss:StyleID="s74"><Data ss:Type="String">prod-embed-20170406</Data><NamedCell
      ss:Name="ProductList"/></Cell>
   </Row>
   <Row ss:AutoFitHeight="0" ss:Height="13.950000000000001">
    <Cell ss:StyleID="s74"><Data ss:Type="String">prod-embed-20170410</Data><NamedCell
      ss:Name="ProductList"/></Cell>
   </Row>
   <Row ss:AutoFitHeight="0" ss:Height="13.950000000000001">
    <Cell ss:StyleID="s74"><Data ss:Type="String">prod-embed-20170413</Data><NamedCell
      ss:Name="ProductList"/></Cell>
   </Row>
   <Row ss:AutoFitHeight="0" ss:Height="13.950000000000001">
    <Cell ss:StyleID="s74"><Data ss:Type="String">prod-embed-20170420</Data><NamedCell
      ss:Name="ProductList"/></Cell>
   </Row>
   <Row ss:AutoFitHeight="0" ss:Height="13.950000000000001">
    <Cell ss:StyleID="s74"><Data ss:Type="String">prod-embed-20170424</Data><NamedCell
      ss:Name="ProductList"/></Cell>
   </Row>
   <Row ss:AutoFitHeight="0" ss:Height="13.950000000000001">
    <Cell ss:StyleID="s69"><Data ss:Type="String">prod-interchange</Data><NamedCell
      ss:Name="ProductList"/></Cell>
   </Row>
   <Row ss:AutoFitHeight="0" ss:Height="13.950000000000001">
    <Cell ss:StyleID="s69"><Data ss:Type="String">prod-interchange-5120</Data><NamedCell
      ss:Name="ProductList"/></Cell>
   </Row>
   <Row ss:AutoFitHeight="0" ss:Height="13.950000000000001">
    <Cell ss:StyleID="s69"><Data ss:Type="String">prod-ms</Data><NamedCell
      ss:Name="ProductList"/></Cell>
   </Row>
   <Row ss:AutoFitHeight="0" ss:Height="13.950000000000001">
    <Cell ss:StyleID="s69"><Data ss:Type="String">prod-ms-301</Data><NamedCell
      ss:Name="ProductList"/></Cell>
   </Row>
   <Row ss:AutoFitHeight="0" ss:Height="13.950000000000001">
    <Cell ss:StyleID="s69"><Data ss:Type="String">prod-ms-311</Data><NamedCell
      ss:Name="ProductList"/></Cell>
   </Row>
   <Row ss:AutoFitHeight="0" ss:Height="13.950000000000001">
    <Cell ss:StyleID="s69"><Data ss:Type="String">prod-ms-330</Data><NamedCell
      ss:Name="ProductList"/></Cell>
   </Row>
   <Row ss:AutoFitHeight="0" ss:Height="13.950000000000001">
    <Cell ss:StyleID="s69"><Data ss:Type="String">prod-ms-340</Data><NamedCell
      ss:Name="ProductList"/></Cell>
   </Row>
   <Row ss:AutoFitHeight="0" ss:Height="13.950000000000001">
    <Cell ss:StyleID="s69"><Data ss:Type="String">prod-outlook</Data><NamedCell
      ss:Name="ProductList"/></Cell>
   </Row>
   <Row ss:AutoFitHeight="0" ss:Height="13.950000000000001">
    <Cell ss:StyleID="s69"><Data ss:Type="String">prod-outlook-330</Data><NamedCell
      ss:Name="ProductList"/></Cell>
   </Row>
   <Row ss:AutoFitHeight="0" ss:Height="13.950000000000001">
    <Cell ss:StyleID="s69"><Data ss:Type="String">prod-outlook-340</Data><NamedCell
      ss:Name="ProductList"/></Cell>
   </Row>
   <Row ss:AutoFitHeight="0" ss:Height="13.950000000000001">
    <Cell ss:StyleID="s69"><Data ss:Type="String">prod-sc</Data><NamedCell
      ss:Name="ProductList"/></Cell>
   </Row>
   <Row ss:AutoFitHeight="0" ss:Height="13.950000000000001">
    <Cell ss:StyleID="s69"><Data ss:Type="String">prod-sc-620</Data><NamedCell
      ss:Name="ProductList"/></Cell>
   </Row>
   <Row ss:AutoFitHeight="0" ss:Height="13.950000000000001">
    <Cell ss:StyleID="s69"><Data ss:Type="String">prod-sc-630</Data><NamedCell
      ss:Name="ProductList"/></Cell>
   </Row>
   <Row ss:AutoFitHeight="0" ss:Height="13.950000000000001">
    <Cell ss:StyleID="s69"><Data ss:Type="String">prod-st</Data><NamedCell
      ss:Name="ProductList"/></Cell>
   </Row>
   <Row ss:AutoFitHeight="0" ss:Height="13.950000000000001">
    <Cell ss:StyleID="s69"><Data ss:Type="String">prod-st-521</Data><NamedCell
      ss:Name="ProductList"/></Cell>
   </Row>
   <Row ss:AutoFitHeight="0" ss:Height="13.950000000000001">
    <Cell ss:StyleID="s69"><Data ss:Type="String">prod-st-530</Data><NamedCell
      ss:Name="ProductList"/></Cell>
   </Row>
   <Row ss:AutoFitHeight="0" ss:Height="13.950000000000001">
    <Cell ss:StyleID="s69"><Data ss:Type="String">prod-st-531</Data><NamedCell
      ss:Name="ProductList"/></Cell>
   </Row>
   <Row ss:AutoFitHeight="0" ss:Height="13.950000000000001">
    <Cell ss:StyleID="s69"><Data ss:Type="String">prod-st-533</Data><NamedCell
      ss:Name="ProductList"/></Cell>
   </Row>
   <Row ss:AutoFitHeight="0" ss:Height="13.950000000000001">
    <Cell ss:StyleID="s69"><Data ss:Type="String">prod-st-536</Data><NamedCell
      ss:Name="ProductList"/></Cell>
   </Row>
   <Row ss:AutoFitHeight="0" ss:Height="13.950000000000001">
    <Cell ss:StyleID="s69"><Data ss:Type="String">prod-sentinel</Data><NamedCell
      ss:Name="ProductList"/></Cell>
   </Row>
   <Row ss:AutoFitHeight="0" ss:Height="13.950000000000001">
    <Cell ss:StyleID="s69"><Data ss:Type="String">prod-sentinel-420</Data><NamedCell
      ss:Name="ProductList"/></Cell>
   </Row>
   <Row ss:AutoFitHeight="0" ss:Height="13.950000000000001">
    <Cell ss:StyleID="s69"><Data ss:Type="String">prod-cft</Data><NamedCell
      ss:Name="ProductList"/></Cell>
   </Row>
   <Row ss:AutoFitHeight="0" ss:Height="13.950000000000001">
    <Cell ss:StyleID="s69"><Data ss:Type="String">prod-cft-313</Data><NamedCell
      ss:Name="ProductList"/></Cell>
   </Row>
   <Row ss:AutoFitHeight="0" ss:Height="13.950000000000001">
    <Cell ss:StyleID="s69"><Data ss:Type="String">prod-cft-322</Data><NamedCell
      ss:Name="ProductList"/></Cell>
   </Row>
   <Row ss:AutoFitHeight="0" ss:Height="13.950000000000001">
    <Cell ss:StyleID="s69"><Data ss:Type="String">prod-cft-324</Data><NamedCell
      ss:Name="ProductList"/></Cell>
   </Row>
   <Row ss:AutoFitHeight="0" ss:Height="13.950000000000001">
    <Cell ss:StyleID="s69"><Data ss:Type="String">prod-webtrader</Data><NamedCell
      ss:Name="ProductList"/></Cell>
   </Row>
   <Row ss:AutoFitHeight="0" ss:Height="13.950000000000001">
    <Cell ss:StyleID="s69"><Data ss:Type="String">prod-webtrader-230</Data><NamedCell
      ss:Name="ProductList"/></Cell>
   </Row>
   <Row ss:AutoFitHeight="0" ss:Height="13.950000000000001">
    <Cell ss:StyleID="s69"><Data ss:Type="String">prod-webtrader-240</Data><NamedCell
      ss:Name="ProductList"/></Cell>
   </Row>
   <Row ss:AutoFitHeight="0" ss:Height="13.950000000000001">
    <Cell ss:StyleID="s69"><Data ss:Type="String">prod-other</Data><NamedCell
      ss:Name="ProductList"/></Cell>
   </Row>
  </Table>
  <WorksheetOptions xmlns="urn:schemas-microsoft-com:office:excel">
   <PageSetup>
    <Header x:Margin="0.3"/>
    <Footer x:Margin="0.3"/>
    <PageMargins x:Bottom="0.75" x:Left="0.7" x:Right="0.7" x:Top="0.75"/>
   </PageSetup>
   <Unsynced/>
   <Print>
    <ValidPrinterInfo/>
    <HorizontalResolution>600</HorizontalResolution>
    <VerticalResolution>600</VerticalResolution>
   </Print>
   <TopRowVisible>2</TopRowVisible>
   <Panes>
    <Pane>
     <Number>3</Number>
     <ActiveRow>32</ActiveRow>
    </Pane>
   </Panes>
   <ProtectObjects>False</ProtectObjects>
   <ProtectScenarios>False</ProtectScenarios>
   <x:PageLayoutZoom>0</x:PageLayoutZoom>
  </WorksheetOptions>
 </Worksheet>
</Workbook>
