<pagedata><content type="text/html" title="1_SampleMindtouch_InputBasic"><body>
<p><strong>Bold</strong></p>
<p><em>Italics</em></p>
<p><u>Underline</u></p>
<p><strike>Strikethrough</strike></p>
<p>Ordered List:</p>
<ol> <li>one</li> <li>two</li> <li>item three</li>
</ol>
<p>Unordered List:</p>
<ul> <li>a</li> <li>b</li> <li>c</li>
</ul>
<p>Quote:</p>
<blockquote>
<p>Lorem Ipsum</p>
</blockquote>
<p>Link:</p>
<p><a rel="internal" href="http://192.168.2.247/Sandbox">Sandbox</a></p>
<p><a class=" external" title="http://google.com/" rel="external nofollow" href="http://google.com" target="_blank">http://google.com</a></p>
<p>Table:</p>
<table cellspacing="1" cellpadding="1" border="1" summary="summary text tralala" style="width: 100%; table-layout: fixed;"> <thead> <tr> <th scope="col">Header 1</th> <th scope="col">Header 2</th> </tr> </thead> <caption>caption text goes here</caption> <tbody> <tr> <td>r1c1</td> <td>r1c2</td> </tr> <tr> <td>r2c1</td> <td>r2c2</td> </tr> </tbody>
</table>
<p> </p>
<p>Styles:</p>
<p><code>Code Text</code></p>

<p> </p>
<p>Plaintext lalala</p>
<p> </p>
<p><span style="color: rgb(51, 102, 255);">Color Blue</span></p></body><body target="toc"><em>No headers</em></body></content><tags count="0" href="http://192.168.2.247/@api/deki/pages/44/tags" /><comments sort="asc" count="0" totalcount="0" href="http://192.168.2.247/@api/deki/pages/44/comments" /><files count="0" href="http://192.168.2.247/@api/deki/pages/44/files" /></pagedata>
