<pagedata><content type="text/html" title="1_SampleMindtouch_InputHeaders"><body>
<p>Headers were a little annoying to control.</p>
<div id="section_1"><span id="Header_1" /><h2 class="editable">Header 1</h2>
<p>Some text</p>
<div id="section_2"><span id="Header_2" /><h3 class="editable">Header 2</h3>
<p>Tralala</p>
<div id="section_3"><span id="Header_3" /><h4 class="editable">Header 3</h4>
<p>Foo bar</p>
<div id="section_4"><span id="Header_4" /><h5 class="editable">Header 4</h5>
<p>Testing</p>
<div id="section_5"><span id="Header_5" /><h6 class="editable">Header 5</h6>
<p>Lorem Ipsum</p>
<p> </p>
<p>What about Fonts?</p>
<p><span style="font-family: Courier New;">Testing Courier</span></p>
<p><span style="font-family: Times New Roman;">Times</span></p>
<p><span style="font-family: Verdana;">Verdana</span></p>
<p> </p>
<p>and Font size?</p>
<p><span style="font-size: xx-small;">xxsmall</span></p>
<p><span style="font-size: x-small;">xsmall</span></p>
<p><span style="font-size: small;">small</span></p>
<p><span style="font-size: medium;">medium</span></p>
<p><span style="font-size: large;">large</span></p>
<p><span style="font-size: x-large;">xlarge</span></p>
<p><span style="font-size: xx-large;">xxlarge</span></p>
<p> </p>
<p>What happens when we mix and match different stuff</p>
<p style="margin-left: 40px;"><code><strong>bold indent code</strong></code></p>
<p><span style="font-family: Courier New;"><span style="font-size: x-large;">Courier xlarge</span></span></p>
<br />
<ul> <li>  </li>
</ul>
</div></div></div></div></div></body><body target="toc"><ol style="list-style-type:none; margin-left:0px; padding-left:0px;"><li><span>1.</span> <a href="#Header_1" rel="internal">Header 1</a><ol style="list-style-type:none; margin-left:0px; padding-left:15px;"><li><span>1.1.</span> <a href="#Header_2" rel="internal">Header 2</a><ol style="list-style-type:none; margin-left:0px; padding-left:15px;"><li><span>1.1.1.</span> <a href="#Header_3" rel="internal">Header 3</a><ol style="list-style-type:none; margin-left:0px; padding-left:15px;"><li><span>1.1.1.1.</span> <a href="#Header_4" rel="internal">Header 4</a><ol style="list-style-type:none; margin-left:0px; padding-left:15px;"><li><span>1.1.1.1.1.</span> <a href="#Header_5" rel="internal">Header 5</a></li></ol></li></ol></li></ol></li></ol></li></ol></body></content><tags count="0" href="http://192.168.2.247/@api/deki/pages/46/tags" /><comments sort="asc" count="0" totalcount="0" href="http://192.168.2.247/@api/deki/pages/46/comments" /><files count="0" href="http://192.168.2.247/@api/deki/pages/46/files" /></pagedata>
