<pagedata><content type="text/html" title="2_SampleMindtouch_InputChangedTitle"><body>
<p>Titles seem problematic.</p>
<p>Firstly, what happens if we have two titles?</p>
<div id="section_1"><span id="Title_.23_2" /><h1 class="editable">Title # 2</h1>
<p>I have no idea. Probably it's the first title that matters?</p></div></body><body target="toc"><ol style="list-style-type:none; margin-left:0px; padding-left:0px;"><li><span>1.</span> <a href="#Title_.23_2" rel="internal">Title # 2</a></li></ol></body></content><tags count="0" href="http://192.168.2.247/@api/deki/pages/45/tags" /><comments sort="asc" count="0" totalcount="0" href="http://192.168.2.247/@api/deki/pages/45/comments" /><files count="0" href="http://192.168.2.247/@api/deki/pages/45/files" /></pagedata>
