<?xml version="1.0"?>
<?mso-application progid="Excel.Sheet"?>
<Workbook xmlns="urn:schemas-microsoft-com:office:spreadsheet"
 xmlns:o="urn:schemas-microsoft-com:office:office"
 xmlns:x="urn:schemas-microsoft-com:office:excel"
 xmlns:ss="urn:schemas-microsoft-com:office:spreadsheet"
 xmlns:html="http://www.w3.org/TR/REC-html40">
 <DocumentProperties xmlns="urn:schemas-microsoft-com:office:office">
  <Author>Reuven Weiser</Author>
  <LastAuthor>Paul Lorentz</LastAuthor>
  <Created>2014-01-22T11:53:35Z</Created>
  <LastSaved>2017-09-06T17:24:40Z</LastSaved>
  <Version>16.00</Version>
 </DocumentProperties>
 <OfficeDocumentSettings xmlns="urn:schemas-microsoft-com:office:office">
  <AllowPNG/>
 </OfficeDocumentSettings>
 <ExcelWorkbook xmlns="urn:schemas-microsoft-com:office:excel">
  <WindowHeight>7848</WindowHeight>
  <WindowWidth>17256</WindowWidth>
  <WindowTopX>32767</WindowTopX>
  <WindowTopY>32767</WindowTopY>
  <RefModeR1C1/>
  <ProtectStructure>False</ProtectStructure>
  <ProtectWindows>False</ProtectWindows>
 </ExcelWorkbook>
 <Styles>
  <Style ss:ID="Default" ss:Name="Normal">
   <Alignment ss:Vertical="Bottom"/>
   <Borders/>
   <Font ss:FontName="Calibri" x:Family="Swiss" ss:Size="11" ss:Color="#000000"/>
   <Interior/>
   <NumberFormat/>
   <Protection/>
  </Style>
  <Style ss:ID="s62">
   <Alignment ss:Horizontal="Left" ss:Vertical="Bottom" ss:WrapText="1"/>
   <Font ss:FontName="Calibri" x:Family="Swiss" ss:Size="11"/>
  </Style>
  <Style ss:ID="s63">
   <Alignment ss:Vertical="Bottom" ss:WrapText="1"/>
   <Borders/>
   <Font ss:FontName="Calibri" x:Family="Swiss" ss:Size="11"/>
   <Interior/>
   <NumberFormat/>
   <Protection/>
  </Style>
  <Style ss:ID="s64">
   <Alignment ss:Vertical="Bottom" ss:WrapText="1"/>
   <Font ss:FontName="Calibri" x:Family="Swiss" ss:Size="11" ss:Color="#000000"/>
  </Style>
  <Style ss:ID="s65">
   <Alignment ss:Vertical="Bottom" ss:WrapText="1"/>
   <Borders/>
   <Font ss:FontName="Calibri" x:Family="Swiss" ss:Size="11" ss:Color="#000000"/>
   <Interior/>
   <NumberFormat/>
   <Protection/>
  </Style>
  <Style ss:ID="s66">
   <Font ss:FontName="Calibri" x:Family="Swiss" ss:Size="11" ss:Color="#000000"/>
  </Style>
  <Style ss:ID="s67">
   <Font ss:FontName="Calibri" x:Family="Swiss" ss:Size="11" ss:Color="#FF0000"/>
  </Style>
  <Style ss:ID="s68">
   <Font ss:FontName="Calibri" x:Family="Swiss" ss:Size="11" ss:Color="#003366"
    ss:Bold="1"/>
  </Style>
  <Style ss:ID="s70">
   <NumberFormat ss:Format="@"/>
  </Style>
  <Style ss:ID="s71">
   <Borders/>
   <Font ss:FontName="Calibri" x:Family="Swiss" ss:Size="11" ss:Color="#000000"/>
   <Interior/>
   <NumberFormat ss:Format="@"/>
  </Style>
  <Style ss:ID="s72">
   <Borders/>
   <Font ss:FontName="Calibri" x:Family="Swiss" ss:Size="11" ss:Color="#000000"/>
  </Style>
  <Style ss:ID="s73">
   <Alignment ss:Vertical="Center" ss:WrapText="1"/>
   <Font ss:FontName="Calibri" x:Family="Swiss" ss:Size="11" ss:Color="#333333"/>
  </Style>
  <Style ss:ID="s74">
   <Alignment ss:Vertical="Center"/>
  </Style>
  <Style ss:ID="s75">
   <Alignment ss:Vertical="Center" ss:WrapText="1"/>
  </Style>
 </Styles>
 <Names>
  <NamedRange ss:Name="AccessList" ss:RefersTo="=data!R3C3:R5C3"/>
  <NamedRange ss:Name="ContentList" ss:RefersTo="=data!R3C2:R34C2"/>
  <NamedRange ss:Name="EnvironmentList" ss:RefersTo="=data!R3C4:R13C4"/>
  <NamedRange ss:Name="ProductList" ss:RefersTo="=data!R2C1:R245C1"/>
 </Names>
 <Worksheet ss:Name="Sheet1">
  <Table ss:ExpandedColumnCount="11" ss:ExpandedRowCount="34" x:FullColumns="1"
   x:FullRows="1" ss:StyleID="s62" ss:DefaultColumnWidth="51"
   ss:DefaultRowHeight="15">
   <Column ss:StyleID="s62" ss:AutoFitWidth="0" ss:Width="74.400000000000006"/>
   <Column ss:StyleID="s62" ss:AutoFitWidth="0" ss:Width="137.4"/>
   <Column ss:StyleID="s62" ss:AutoFitWidth="0" ss:Width="146.39999999999998"/>
   <Column ss:StyleID="s62" ss:AutoFitWidth="0" ss:Width="132.6"/>
   <Column ss:StyleID="s62" ss:AutoFitWidth="0" ss:Width="114"/>
   <Column ss:StyleID="s62" ss:AutoFitWidth="0" ss:Width="120"/>
   <Column ss:StyleID="s62" ss:AutoFitWidth="0" ss:Width="161.4" ss:Span="2"/>
   <Column ss:Index="10" ss:StyleID="s62" ss:Width="138.6"/>
   <Column ss:StyleID="s62" ss:AutoFitWidth="0" ss:Width="135.6"/>
   <Row ss:AutoFitHeight="0">
    <Cell><Data ss:Type="String">Filename</Data></Cell>
    <Cell><Data ss:Type="String">Title</Data></Cell>
    <Cell><Data ss:Type="String">Product</Data></Cell>
    <Cell><Data ss:Type="String">Content Type</Data></Cell>
    <Cell><Data ss:Type="String">Access</Data></Cell>
    <Cell><Data ss:Type="String">Environment</Data></Cell>
    <Cell><Data ss:Type="String">Keywords</Data></Cell>
   </Row>
   <Row ss:AutoFitHeight="0">
    <Cell><Data ss:Type="String">MAP</Data></Cell>
    <Cell><Data ss:Type="String">Mobile Backend Services</Data></Cell>
    <Cell><Data ss:Type="String">prod-appc-backend_2</Data></Cell>
    <Cell ss:StyleID="s63"><Data ss:Type="String">ct-admin</Data></Cell>
    <Cell ss:StyleID="s63"><Data ss:Type="String">access-public</Data></Cell>
    <Cell><Data ss:Type="String">env-cloud-private</Data></Cell>
    <Cell ss:Index="10" ss:StyleID="s64"/>
   </Row>
   <Row ss:AutoFitHeight="0">
    <Cell><Data ss:Type="String">apply-ALL</Data></Cell>
    <Cell ss:Index="3"><Data ss:Type="String">prod-appc-backend_2</Data></Cell>
    <Cell ss:StyleID="s63"><Data ss:Type="String">ct-admin</Data></Cell>
    <Cell ss:StyleID="s63"><Data ss:Type="String">access-public</Data></Cell>
    <Cell ss:StyleID="s63"><Data ss:Type="String">env-cloud-private</Data></Cell>
    <Cell ss:StyleID="s63"/>
    <Cell ss:StyleID="s63"/>
    <Cell ss:StyleID="s63"/>
    <Cell ss:StyleID="s64"/>
   </Row>
   <Row ss:AutoFitHeight="0">
    <Cell><Data ss:Type="String">default</Data></Cell>
    <Cell ss:Index="3"><Data ss:Type="String">prod-appc-backend_2</Data></Cell>
    <Cell><Data ss:Type="String">ct-admin</Data></Cell>
    <Cell><Data ss:Type="String">access-public</Data></Cell>
    <Cell ss:StyleID="s63"><Data ss:Type="String">env-cloud-private</Data></Cell>
    <Cell ss:StyleID="s63"/>
    <Cell ss:StyleID="s63"/>
    <Cell ss:StyleID="s63"/>
   </Row>
   <Row ss:AutoFitHeight="0">
    <Cell ss:StyleID="s65"/>
    <Cell ss:StyleID="s65"/>
    <Cell ss:StyleID="s65"/>
    <Cell ss:StyleID="s63"/>
    <Cell ss:StyleID="s65"/>
    <Cell ss:StyleID="s65"/>
    <Cell ss:StyleID="s65"/>
    <Cell ss:StyleID="s65"/>
    <Cell ss:StyleID="s65"/>
    <Cell ss:StyleID="s65"/>
   </Row>
   <Row ss:AutoFitHeight="0">
    <Cell ss:StyleID="s65"/>
    <Cell ss:StyleID="s65"/>
    <Cell ss:StyleID="s65"/>
    <Cell ss:StyleID="s65"/>
    <Cell ss:StyleID="s65"/>
    <Cell ss:StyleID="s65"/>
    <Cell ss:StyleID="s65"/>
    <Cell ss:StyleID="s65"/>
    <Cell ss:StyleID="s65"/>
    <Cell ss:StyleID="s65"/>
   </Row>
   <Row ss:AutoFitHeight="0">
    <Cell ss:StyleID="s65"/>
    <Cell ss:StyleID="s65"/>
    <Cell ss:StyleID="s65"/>
    <Cell ss:StyleID="s65"/>
    <Cell ss:StyleID="s65"/>
    <Cell ss:StyleID="s65"/>
    <Cell ss:StyleID="s65"/>
    <Cell ss:StyleID="s65"/>
    <Cell ss:StyleID="s65"/>
    <Cell ss:StyleID="s65"/>
   </Row>
   <Row ss:AutoFitHeight="0">
    <Cell ss:StyleID="s65"/>
    <Cell ss:StyleID="s65"/>
    <Cell ss:StyleID="s65"/>
    <Cell ss:StyleID="s65"/>
    <Cell ss:StyleID="s65"/>
    <Cell ss:StyleID="s65"/>
    <Cell ss:StyleID="s65"/>
    <Cell ss:StyleID="s65"/>
    <Cell ss:StyleID="s65"/>
    <Cell ss:StyleID="s65"/>
   </Row>
   <Row ss:AutoFitHeight="0">
    <Cell ss:StyleID="s65"/>
    <Cell ss:StyleID="s65"/>
    <Cell ss:StyleID="s65"/>
    <Cell ss:StyleID="s65"/>
    <Cell ss:StyleID="s65"/>
    <Cell ss:StyleID="s65"/>
    <Cell ss:StyleID="s65"/>
    <Cell ss:StyleID="s65"/>
    <Cell ss:StyleID="s65"/>
    <Cell ss:StyleID="s65"/>
   </Row>
   <Row ss:AutoFitHeight="0">
    <Cell ss:StyleID="s65"/>
    <Cell ss:StyleID="s65"/>
    <Cell ss:StyleID="s65"/>
    <Cell ss:StyleID="s65"/>
    <Cell ss:StyleID="s65"/>
    <Cell ss:StyleID="s65"/>
    <Cell ss:StyleID="s65"/>
    <Cell ss:StyleID="s65"/>
    <Cell ss:StyleID="s65"/>
    <Cell ss:StyleID="s65"/>
   </Row>
   <Row ss:AutoFitHeight="0">
    <Cell ss:StyleID="s65"/>
    <Cell ss:StyleID="s65"/>
    <Cell ss:StyleID="s65"/>
    <Cell ss:StyleID="s65"/>
    <Cell ss:StyleID="s65"/>
    <Cell ss:StyleID="s65"/>
    <Cell ss:StyleID="s65"/>
    <Cell ss:StyleID="s65"/>
    <Cell ss:StyleID="s65"/>
    <Cell ss:StyleID="s65"/>
   </Row>
   <Row ss:AutoFitHeight="0">
    <Cell ss:StyleID="s65"/>
    <Cell ss:StyleID="s65"/>
    <Cell ss:StyleID="s65"/>
    <Cell ss:StyleID="s65"/>
    <Cell ss:StyleID="s65"/>
    <Cell ss:StyleID="s65"/>
    <Cell ss:StyleID="s65"/>
    <Cell ss:StyleID="s65"/>
    <Cell ss:StyleID="s65"/>
    <Cell ss:StyleID="s65"/>
   </Row>
   <Row ss:AutoFitHeight="0">
    <Cell ss:StyleID="s65"/>
    <Cell ss:StyleID="s65"/>
    <Cell ss:StyleID="s65"/>
    <Cell ss:StyleID="s65"/>
    <Cell ss:StyleID="s65"/>
    <Cell ss:StyleID="s65"/>
    <Cell ss:StyleID="s65"/>
    <Cell ss:StyleID="s65"/>
    <Cell ss:StyleID="s65"/>
    <Cell ss:StyleID="s65"/>
   </Row>
   <Row ss:AutoFitHeight="0">
    <Cell ss:StyleID="s65"/>
    <Cell ss:StyleID="s65"/>
    <Cell ss:StyleID="s65"/>
    <Cell ss:StyleID="s65"/>
    <Cell ss:StyleID="s65"/>
    <Cell ss:StyleID="s65"/>
    <Cell ss:StyleID="s65"/>
    <Cell ss:StyleID="s65"/>
    <Cell ss:StyleID="s65"/>
    <Cell ss:StyleID="s65"/>
   </Row>
   <Row ss:AutoFitHeight="0">
    <Cell ss:StyleID="s65"/>
    <Cell ss:StyleID="s65"/>
    <Cell ss:StyleID="s65"/>
    <Cell ss:StyleID="s65"/>
    <Cell ss:StyleID="s65"/>
    <Cell ss:StyleID="s65"/>
    <Cell ss:StyleID="s65"/>
    <Cell ss:StyleID="s65"/>
    <Cell ss:StyleID="s65"/>
    <Cell ss:StyleID="s65"/>
   </Row>
   <Row ss:AutoFitHeight="0">
    <Cell ss:StyleID="s65"/>
    <Cell ss:StyleID="s65"/>
    <Cell ss:StyleID="s65"/>
    <Cell ss:StyleID="s65"/>
    <Cell ss:StyleID="s65"/>
    <Cell ss:StyleID="s65"/>
    <Cell ss:StyleID="s65"/>
    <Cell ss:StyleID="s65"/>
    <Cell ss:StyleID="s65"/>
    <Cell ss:StyleID="s65"/>
   </Row>
   <Row ss:AutoFitHeight="0">
    <Cell ss:StyleID="s65"/>
    <Cell ss:StyleID="s65"/>
    <Cell ss:StyleID="s65"/>
    <Cell ss:StyleID="s65"/>
    <Cell ss:StyleID="s65"/>
    <Cell ss:StyleID="s65"/>
    <Cell ss:StyleID="s65"/>
    <Cell ss:StyleID="s65"/>
    <Cell ss:StyleID="s65"/>
    <Cell ss:StyleID="s65"/>
   </Row>
   <Row ss:AutoFitHeight="0">
    <Cell ss:StyleID="s65"/>
    <Cell ss:StyleID="s65"/>
    <Cell ss:StyleID="s65"/>
    <Cell ss:StyleID="s65"/>
    <Cell ss:StyleID="s65"/>
    <Cell ss:StyleID="s65"/>
    <Cell ss:StyleID="s65"/>
    <Cell ss:StyleID="s65"/>
    <Cell ss:StyleID="s65"/>
    <Cell ss:StyleID="s65"/>
   </Row>
   <Row ss:AutoFitHeight="0">
    <Cell ss:StyleID="s65"/>
    <Cell ss:StyleID="s65"/>
    <Cell ss:StyleID="s65"/>
    <Cell ss:StyleID="s65"/>
    <Cell ss:StyleID="s65"/>
    <Cell ss:StyleID="s65"/>
    <Cell ss:StyleID="s65"/>
    <Cell ss:StyleID="s65"/>
    <Cell ss:StyleID="s65"/>
    <Cell ss:StyleID="s65"/>
   </Row>
   <Row ss:AutoFitHeight="0">
    <Cell ss:StyleID="s65"/>
    <Cell ss:StyleID="s65"/>
    <Cell ss:StyleID="s65"/>
    <Cell ss:StyleID="s65"/>
    <Cell ss:StyleID="s65"/>
    <Cell ss:StyleID="s65"/>
    <Cell ss:StyleID="s65"/>
    <Cell ss:StyleID="s65"/>
    <Cell ss:StyleID="s65"/>
    <Cell ss:StyleID="s65"/>
   </Row>
   <Row ss:AutoFitHeight="0">
    <Cell ss:StyleID="s65"/>
    <Cell ss:StyleID="s65"/>
    <Cell ss:StyleID="s65"/>
    <Cell ss:StyleID="s65"/>
    <Cell ss:StyleID="s65"/>
    <Cell ss:StyleID="s65"/>
    <Cell ss:StyleID="s65"/>
    <Cell ss:StyleID="s65"/>
    <Cell ss:StyleID="s65"/>
    <Cell ss:StyleID="s65"/>
   </Row>
   <Row ss:AutoFitHeight="0">
    <Cell ss:StyleID="s65"/>
    <Cell ss:StyleID="s65"/>
    <Cell ss:StyleID="s65"/>
    <Cell ss:StyleID="s65"/>
    <Cell ss:StyleID="s65"/>
    <Cell ss:StyleID="s65"/>
    <Cell ss:StyleID="s65"/>
    <Cell ss:StyleID="s65"/>
    <Cell ss:StyleID="s65"/>
    <Cell ss:StyleID="s65"/>
   </Row>
   <Row ss:AutoFitHeight="0">
    <Cell ss:StyleID="s65"/>
    <Cell ss:StyleID="s65"/>
    <Cell ss:StyleID="s65"/>
    <Cell ss:StyleID="s65"/>
    <Cell ss:StyleID="s65"/>
    <Cell ss:StyleID="s65"/>
    <Cell ss:StyleID="s65"/>
    <Cell ss:StyleID="s65"/>
    <Cell ss:StyleID="s65"/>
    <Cell ss:StyleID="s65"/>
   </Row>
   <Row ss:AutoFitHeight="0">
    <Cell ss:StyleID="s65"/>
    <Cell ss:StyleID="s65"/>
    <Cell ss:StyleID="s65"/>
    <Cell ss:StyleID="s65"/>
    <Cell ss:StyleID="s65"/>
    <Cell ss:StyleID="s65"/>
    <Cell ss:StyleID="s65"/>
    <Cell ss:StyleID="s65"/>
    <Cell ss:StyleID="s65"/>
    <Cell ss:StyleID="s65"/>
   </Row>
   <Row ss:AutoFitHeight="0">
    <Cell ss:StyleID="s65"/>
    <Cell ss:StyleID="s65"/>
    <Cell ss:StyleID="s65"/>
    <Cell ss:StyleID="s65"/>
    <Cell ss:StyleID="s65"/>
    <Cell ss:StyleID="s65"/>
    <Cell ss:StyleID="s65"/>
    <Cell ss:StyleID="s65"/>
    <Cell ss:StyleID="s65"/>
    <Cell ss:StyleID="s65"/>
   </Row>
   <Row ss:AutoFitHeight="0">
    <Cell ss:StyleID="s65"/>
    <Cell ss:StyleID="s65"/>
    <Cell ss:StyleID="s65"/>
    <Cell ss:StyleID="s65"/>
    <Cell ss:StyleID="s65"/>
    <Cell ss:StyleID="s65"/>
    <Cell ss:StyleID="s65"/>
    <Cell ss:StyleID="s65"/>
    <Cell ss:StyleID="s65"/>
    <Cell ss:StyleID="s65"/>
   </Row>
   <Row ss:AutoFitHeight="0">
    <Cell ss:StyleID="s65"/>
    <Cell ss:StyleID="s65"/>
    <Cell ss:StyleID="s65"/>
    <Cell ss:StyleID="s65"/>
    <Cell ss:StyleID="s65"/>
    <Cell ss:StyleID="s65"/>
    <Cell ss:StyleID="s65"/>
    <Cell ss:StyleID="s65"/>
    <Cell ss:StyleID="s65"/>
    <Cell ss:StyleID="s65"/>
   </Row>
   <Row ss:AutoFitHeight="0">
    <Cell ss:StyleID="s65"/>
    <Cell ss:StyleID="s65"/>
    <Cell ss:StyleID="s65"/>
    <Cell ss:StyleID="s65"/>
    <Cell ss:StyleID="s65"/>
    <Cell ss:StyleID="s65"/>
    <Cell ss:StyleID="s65"/>
    <Cell ss:StyleID="s65"/>
    <Cell ss:StyleID="s65"/>
    <Cell ss:StyleID="s65"/>
   </Row>
   <Row ss:AutoFitHeight="0">
    <Cell ss:StyleID="s65"/>
    <Cell ss:StyleID="s65"/>
    <Cell ss:StyleID="s65"/>
    <Cell ss:StyleID="s65"/>
    <Cell ss:StyleID="s65"/>
    <Cell ss:StyleID="s65"/>
    <Cell ss:StyleID="s65"/>
    <Cell ss:StyleID="s65"/>
    <Cell ss:StyleID="s65"/>
    <Cell ss:StyleID="s65"/>
   </Row>
   <Row ss:AutoFitHeight="0">
    <Cell ss:StyleID="s65"/>
    <Cell ss:StyleID="s65"/>
    <Cell ss:StyleID="s65"/>
    <Cell ss:StyleID="s65"/>
    <Cell ss:StyleID="s65"/>
    <Cell ss:StyleID="s65"/>
    <Cell ss:StyleID="s65"/>
    <Cell ss:StyleID="s65"/>
    <Cell ss:StyleID="s65"/>
    <Cell ss:StyleID="s65"/>
   </Row>
   <Row ss:AutoFitHeight="0">
    <Cell ss:StyleID="s65"/>
    <Cell ss:StyleID="s65"/>
    <Cell ss:StyleID="s65"/>
    <Cell ss:StyleID="s65"/>
    <Cell ss:StyleID="s65"/>
    <Cell ss:StyleID="s65"/>
    <Cell ss:StyleID="s65"/>
    <Cell ss:StyleID="s65"/>
    <Cell ss:StyleID="s65"/>
    <Cell ss:StyleID="s65"/>
   </Row>
   <Row ss:AutoFitHeight="0">
    <Cell ss:StyleID="s65"/>
    <Cell ss:StyleID="s65"/>
    <Cell ss:StyleID="s65"/>
    <Cell ss:StyleID="s65"/>
    <Cell ss:StyleID="s65"/>
    <Cell ss:StyleID="s65"/>
    <Cell ss:StyleID="s65"/>
    <Cell ss:StyleID="s65"/>
    <Cell ss:StyleID="s65"/>
    <Cell ss:StyleID="s65"/>
   </Row>
   <Row ss:AutoFitHeight="0">
    <Cell ss:StyleID="s65"/>
    <Cell ss:StyleID="s65"/>
    <Cell ss:StyleID="s65"/>
    <Cell ss:StyleID="s65"/>
    <Cell ss:StyleID="s65"/>
    <Cell ss:StyleID="s65"/>
    <Cell ss:StyleID="s65"/>
    <Cell ss:StyleID="s65"/>
    <Cell ss:StyleID="s65"/>
    <Cell ss:StyleID="s65"/>
   </Row>
   <Row ss:AutoFitHeight="0">
    <Cell ss:StyleID="s65"/>
    <Cell ss:StyleID="s65"/>
    <Cell ss:StyleID="s65"/>
    <Cell ss:StyleID="s65"/>
    <Cell ss:StyleID="s65"/>
    <Cell ss:StyleID="s65"/>
    <Cell ss:StyleID="s65"/>
    <Cell ss:StyleID="s65"/>
    <Cell ss:StyleID="s65"/>
    <Cell ss:StyleID="s65"/>
   </Row>
  </Table>
  <WorksheetOptions xmlns="urn:schemas-microsoft-com:office:excel">
   <PageSetup>
    <Header x:Margin="0.3"/>
    <Footer x:Margin="0.3"/>
    <PageMargins x:Bottom="0.75" x:Left="0.7" x:Right="0.7" x:Top="0.75"/>
   </PageSetup>
   <Unsynced/>
   <Print>
    <ValidPrinterInfo/>
    <HorizontalResolution>600</HorizontalResolution>
    <VerticalResolution>600</VerticalResolution>
   </Print>
   <Selected/>
   <FreezePanes/>
   <FrozenNoSplit/>
   <SplitHorizontal>1</SplitHorizontal>
   <TopRowBottomPane>1</TopRowBottomPane>
   <ActivePane>2</ActivePane>
   <Panes>
    <Pane>
     <Number>3</Number>
    </Pane>
    <Pane>
     <Number>2</Number>
     <ActiveRow>2</ActiveRow>
     <ActiveCol>1</ActiveCol>
    </Pane>
   </Panes>
   <ProtectObjects>False</ProtectObjects>
   <ProtectScenarios>False</ProtectScenarios>
  </WorksheetOptions>
  <DataValidation xmlns="urn:schemas-microsoft-com:office:excel">
   <Range>R2C5:R100C5</Range>
   <Type>List</Type>
   <Value>AccessList</Value>
  </DataValidation>
  <DataValidation xmlns="urn:schemas-microsoft-com:office:excel">
   <Range>R2C4:R100C4</Range>
   <Type>List</Type>
   <Value>ContentList</Value>
  </DataValidation>
  <DataValidation xmlns="urn:schemas-microsoft-com:office:excel">
   <Range>R2C6:R100C6</Range>
   <Type>List</Type>
   <Value>EnvironmentList</Value>
  </DataValidation>
  <DataValidation xmlns="urn:schemas-microsoft-com:office:excel">
   <Range>R5C3:R100C3</Range>
   <Type>List</Type>
   <Value>ProductList</Value>
  </DataValidation>
 </Worksheet>
 <Worksheet ss:Name="data">
  <Table ss:ExpandedColumnCount="5" ss:ExpandedRowCount="246" x:FullColumns="1"
   x:FullRows="1" ss:StyleID="s66" ss:DefaultRowHeight="14.55">
   <Column ss:StyleID="s66" ss:AutoFitWidth="0" ss:Width="124.80000000000001"/>
   <Column ss:StyleID="s66" ss:AutoFitWidth="0" ss:Width="97.800000000000011"/>
   <Column ss:StyleID="s66" ss:AutoFitWidth="0" ss:Width="96.6"/>
   <Column ss:StyleID="s66" ss:AutoFitWidth="0" ss:Width="105"/>
   <Column ss:StyleID="s66" ss:AutoFitWidth="0" ss:Width="257.40000000000003"/>
   <Row ss:AutoFitHeight="0">
    <Cell ss:StyleID="s67"><Data ss:Type="String">Admins only can edit</Data></Cell>
    <Cell ss:StyleID="s67"><Data ss:Type="String">this sheet</Data></Cell>
    <Cell ss:Index="5" ss:StyleID="s68"><Data ss:Type="String">due to volatility, DI product facets could be outdated</Data></Cell>
   </Row>
   <Row ss:AutoFitHeight="0">
    <Cell ss:StyleID="Default"><Data ss:Type="String">prod-acctint</Data><NamedCell
      ss:Name="ProductList"/></Cell>
    <Cell><Data ss:Type="String">ContentList</Data></Cell>
    <Cell><Data ss:Type="String">AccessList</Data></Cell>
    <Cell><Data ss:Type="String">EnvironmentList</Data></Cell>
    <Cell ss:StyleID="s68"><Data ss:Type="String">see latest subject scheme</Data></Cell>
   </Row>
   <Row ss:AutoFitHeight="0">
    <Cell ss:StyleID="Default"><Data ss:Type="String">prod-acctint-240</Data><NamedCell
      ss:Name="ProductList"/></Cell>
    <Cell ss:StyleID="s70"><Data ss:Type="String">ct-accessibility</Data><NamedCell
      ss:Name="ContentList"/></Cell>
    <Cell ss:StyleID="s71"><Data ss:Type="String">access-customer</Data><NamedCell
      ss:Name="AccessList"/></Cell>
    <Cell ss:StyleID="s71"><Data ss:Type="String">env-appliance</Data><NamedCell
      ss:Name="EnvironmentList"/></Cell>
   </Row>
   <Row ss:AutoFitHeight="0">
    <Cell ss:StyleID="Default"><Data ss:Type="String">prod-acctint-240-fr</Data><NamedCell
      ss:Name="ProductList"/></Cell>
    <Cell ss:StyleID="Default"><Data ss:Type="String">ct-admin</Data><NamedCell
      ss:Name="ContentList"/></Cell>
    <Cell ss:StyleID="s71"><Data ss:Type="String">access-internal</Data><NamedCell
      ss:Name="AccessList"/></Cell>
    <Cell ss:StyleID="s71"><Data ss:Type="String">env-cloud</Data><NamedCell
      ss:Name="EnvironmentList"/></Cell>
   </Row>
   <Row ss:AutoFitHeight="0">
    <Cell ss:StyleID="Default"><Data ss:Type="String">prod-acctint-230</Data><NamedCell
      ss:Name="ProductList"/></Cell>
    <Cell ss:StyleID="Default"><Data ss:Type="String">ct-admin-config</Data><NamedCell
      ss:Name="ContentList"/></Cell>
    <Cell ss:StyleID="s72"><Data ss:Type="String">access-public</Data><NamedCell
      ss:Name="AccessList"/></Cell>
    <Cell ss:StyleID="s71"><Data ss:Type="String">env-cloud-axway</Data><NamedCell
      ss:Name="EnvironmentList"/></Cell>
   </Row>
   <Row ss:AutoFitHeight="0">
    <Cell ss:StyleID="Default"><Data ss:Type="String">prod-acctint-230-fr</Data><NamedCell
      ss:Name="ProductList"/></Cell>
    <Cell ss:StyleID="Default"><Data ss:Type="String">ct-admin-deploy</Data><NamedCell
      ss:Name="ContentList"/></Cell>
    <Cell ss:StyleID="s71"/>
    <Cell ss:StyleID="s71"><Data ss:Type="String">env-cloud-private</Data><NamedCell
      ss:Name="EnvironmentList"/></Cell>
   </Row>
   <Row ss:AutoFitHeight="0">
    <Cell ss:StyleID="Default"><Data ss:Type="String">prod-acctint-221</Data><NamedCell
      ss:Name="ProductList"/></Cell>
    <Cell ss:StyleID="s70"><Data ss:Type="String">ct-admin-integrate</Data><NamedCell
      ss:Name="ContentList"/></Cell>
    <Cell ss:StyleID="s71"/>
    <Cell ss:StyleID="s71"><Data ss:Type="String">env-container</Data><NamedCell
      ss:Name="EnvironmentList"/></Cell>
   </Row>
   <Row ss:AutoFitHeight="0">
    <Cell ss:StyleID="Default"><Data ss:Type="String">prod-acctint-221-fr</Data><NamedCell
      ss:Name="ProductList"/></Cell>
    <Cell ss:StyleID="s70"><Data ss:Type="String">ct-bp</Data><NamedCell
      ss:Name="ContentList"/></Cell>
    <Cell ss:Index="4" ss:StyleID="s71"><Data ss:Type="String">env-onprem</Data><NamedCell
      ss:Name="EnvironmentList"/></Cell>
   </Row>
   <Row ss:AutoFitHeight="0">
    <Cell ss:StyleID="Default"><Data ss:Type="String">prod-activator</Data><NamedCell
      ss:Name="ProductList"/></Cell>
    <Cell ss:StyleID="s70"><Data ss:Type="String">ct-bp-capacity</Data><NamedCell
      ss:Name="ContentList"/></Cell>
    <Cell ss:Index="4" ss:StyleID="s71"><Data ss:Type="String">env-onprem-unix</Data><NamedCell
      ss:Name="EnvironmentList"/></Cell>
   </Row>
   <Row ss:AutoFitHeight="0">
    <Cell ss:StyleID="Default"><Data ss:Type="String">prod-activator-61</Data><NamedCell
      ss:Name="ProductList"/></Cell>
    <Cell ss:StyleID="s70"><Data ss:Type="String">ct-bp-security</Data><NamedCell
      ss:Name="ContentList"/></Cell>
    <Cell ss:Index="4" ss:StyleID="s71"><Data ss:Type="String">env-onprem-mac</Data><NamedCell
      ss:Name="EnvironmentList"/></Cell>
   </Row>
   <Row ss:AutoFitHeight="0">
    <Cell ss:StyleID="Default"><Data ss:Type="String">prod-activator-600</Data><NamedCell
      ss:Name="ProductList"/></Cell>
    <Cell ss:StyleID="s70"><Data ss:Type="String">ct-compliance</Data><NamedCell
      ss:Name="ContentList"/></Cell>
    <Cell ss:Index="4" ss:StyleID="s71"><Data ss:Type="String">env-onprem-windows</Data><NamedCell
      ss:Name="EnvironmentList"/></Cell>
   </Row>
   <Row ss:AutoFitHeight="0">
    <Cell ss:StyleID="Default"><Data ss:Type="String">prod-activator-5120</Data><NamedCell
      ss:Name="ProductList"/></Cell>
    <Cell ss:StyleID="s70"><Data ss:Type="String">ct-concepts</Data><NamedCell
      ss:Name="ContentList"/></Cell>
    <Cell ss:Index="4" ss:StyleID="s71"><Data ss:Type="String">env-onprem-other</Data><NamedCell
      ss:Name="EnvironmentList"/></Cell>
   </Row>
   <Row ss:AutoFitHeight="0">
    <Cell ss:StyleID="Default"><Data ss:Type="String">prod-aisuite</Data><NamedCell
      ss:Name="ProductList"/></Cell>
    <Cell ss:StyleID="s70"><Data ss:Type="String">ct-dev</Data><NamedCell
      ss:Name="ContentList"/></Cell>
    <Cell ss:Index="4" ss:StyleID="s71"><Data ss:Type="String">env-na</Data><NamedCell
      ss:Name="EnvironmentList"/></Cell>
   </Row>
   <Row ss:AutoFitHeight="0">
    <Cell ss:StyleID="Default"><Data ss:Type="String">prod-aisuite-240</Data><NamedCell
      ss:Name="ProductList"/></Cell>
    <Cell ss:StyleID="s70"><Data ss:Type="String">ct-dev-api</Data><NamedCell
      ss:Name="ContentList"/></Cell>
   </Row>
   <Row ss:AutoFitHeight="0">
    <Cell ss:StyleID="Default"><Data ss:Type="String">prod-aisuite-230</Data><NamedCell
      ss:Name="ProductList"/></Cell>
    <Cell ss:StyleID="s70"><Data ss:Type="String">ct-dev-policy</Data><NamedCell
      ss:Name="ContentList"/></Cell>
   </Row>
   <Row ss:AutoFitHeight="0">
    <Cell ss:StyleID="Default"><Data ss:Type="String">prod-aai</Data><NamedCell
      ss:Name="ProductList"/></Cell>
    <Cell ss:StyleID="s70"><Data ss:Type="String">ct-faq</Data><NamedCell
      ss:Name="ContentList"/></Cell>
   </Row>
   <Row ss:AutoFitHeight="0">
    <Cell ss:StyleID="Default"><Data ss:Type="String">prod-api-central</Data><NamedCell
      ss:Name="ProductList"/></Cell>
    <Cell ss:StyleID="s70"><Data ss:Type="String">ct-getstarted</Data><NamedCell
      ss:Name="ContentList"/></Cell>
   </Row>
   <Row ss:AutoFitHeight="0">
    <Cell ss:StyleID="Default"><Data ss:Type="String">prod-ace</Data><NamedCell
      ss:Name="ProductList"/></Cell>
    <Cell ss:StyleID="s70"><Data ss:Type="String">ct-howto</Data><NamedCell
      ss:Name="ContentList"/></Cell>
   </Row>
   <Row ss:AutoFitHeight="0">
    <Cell ss:StyleID="Default"><Data ss:Type="String">prod-ace-00</Data><NamedCell
      ss:Name="ProductList"/></Cell>
    <Cell ss:StyleID="s70"><Data ss:Type="String">ct-install</Data><NamedCell
      ss:Name="ContentList"/></Cell>
   </Row>
   <Row ss:AutoFitHeight="0">
    <Cell ss:StyleID="Default"><Data ss:Type="String">prod-amplify-dash</Data><NamedCell
      ss:Name="ProductList"/></Cell>
    <Cell ss:StyleID="Default"><Data ss:Type="String">ct-interop-matrix</Data><NamedCell
      ss:Name="ContentList"/></Cell>
   </Row>
   <Row ss:AutoFitHeight="0">
    <Cell ss:StyleID="Default"><Data ss:Type="String">prod-intbuilder</Data><NamedCell
      ss:Name="ProductList"/></Cell>
    <Cell ss:StyleID="s70"><Data ss:Type="String">ct-overview</Data><NamedCell
      ss:Name="ContentList"/></Cell>
   </Row>
   <Row ss:AutoFitHeight="0">
    <Cell ss:StyleID="Default"><Data ss:Type="String">prod-shared-services</Data><NamedCell
      ss:Name="ProductList"/></Cell>
    <Cell ss:StyleID="Default"><Data ss:Type="String">ct-platforms</Data><NamedCell
      ss:Name="ContentList"/></Cell>
   </Row>
   <Row ss:AutoFitHeight="0">
    <Cell ss:StyleID="Default"><Data ss:Type="String">prod-streams</Data><NamedCell
      ss:Name="ProductList"/></Cell>
    <Cell ss:StyleID="s70"><Data ss:Type="String">ct-reference</Data><NamedCell
      ss:Name="ContentList"/></Cell>
   </Row>
   <Row ss:AutoFitHeight="0">
    <Cell ss:StyleID="Default"><Data ss:Type="String">prod-builder</Data><NamedCell
      ss:Name="ProductList"/></Cell>
    <Cell ss:StyleID="s70"><Data ss:Type="String">ct-reference-glos</Data><NamedCell
      ss:Name="ContentList"/></Cell>
   </Row>
   <Row ss:AutoFitHeight="0">
    <Cell ss:StyleID="Default"><Data ss:Type="String">prod-builder-tools_1</Data><NamedCell
      ss:Name="ProductList"/></Cell>
    <Cell ss:StyleID="s70"><Data ss:Type="String">ct-releasenotes</Data><NamedCell
      ss:Name="ContentList"/></Cell>
   </Row>
   <Row ss:AutoFitHeight="0">
    <Cell ss:StyleID="Default"><Data ss:Type="String">prod-builder-runtime_1</Data><NamedCell
      ss:Name="ProductList"/></Cell>
    <Cell ss:StyleID="s70"><Data ss:Type="String">ct-trouble</Data><NamedCell
      ss:Name="ContentList"/></Cell>
   </Row>
   <Row ss:AutoFitHeight="0">
    <Cell ss:StyleID="Default"><Data ss:Type="String">prod-appc-backend_1</Data><NamedCell
      ss:Name="ProductList"/></Cell>
    <Cell ss:StyleID="s70"><Data ss:Type="String">ct-trouble-error</Data><NamedCell
      ss:Name="ContentList"/></Cell>
   </Row>
   <Row ss:AutoFitHeight="0">
    <Cell ss:StyleID="Default"><Data ss:Type="String">prod-builder-4x</Data><NamedCell
      ss:Name="ProductList"/></Cell>
    <Cell ss:StyleID="s70"><Data ss:Type="String">ct-tutorial</Data><NamedCell
      ss:Name="ContentList"/></Cell>
   </Row>
   <Row ss:AutoFitHeight="0">
    <Cell ss:StyleID="Default"><Data ss:Type="String">prod-api-gateway</Data><NamedCell
      ss:Name="ProductList"/></Cell>
    <Cell ss:StyleID="s70"><Data ss:Type="String">ct-upgrade</Data><NamedCell
      ss:Name="ContentList"/></Cell>
   </Row>
   <Row ss:AutoFitHeight="0">
    <Cell ss:StyleID="Default"><Data ss:Type="String">prod-api-gateway-77-dev</Data><NamedCell
      ss:Name="ProductList"/></Cell>
    <Cell ss:StyleID="s70"><Data ss:Type="String">ct-user</Data><NamedCell
      ss:Name="ContentList"/></Cell>
   </Row>
   <Row ss:AutoFitHeight="0">
    <Cell ss:StyleID="Default"><Data ss:Type="String">prod-api-gateway-77</Data><NamedCell
      ss:Name="ProductList"/></Cell>
    <Cell ss:StyleID="s70"><Data ss:Type="String">ct-category</Data><NamedCell
      ss:Name="ContentList"/></Cell>
   </Row>
   <Row ss:AutoFitHeight="0">
    <Cell ss:StyleID="Default"><Data ss:Type="String">prod-api-gateway-762</Data><NamedCell
      ss:Name="ProductList"/></Cell>
    <Cell ss:StyleID="s70"><Data ss:Type="String">ct-category-2</Data><NamedCell
      ss:Name="ContentList"/></Cell>
   </Row>
   <Row ss:AutoFitHeight="0">
    <Cell ss:StyleID="Default"><Data ss:Type="String">prod-api-gateway-761</Data><NamedCell
      ss:Name="ProductList"/></Cell>
    <Cell ss:StyleID="s70"><Data ss:Type="String">ct-category-3</Data><NamedCell
      ss:Name="ContentList"/></Cell>
   </Row>
   <Row ss:AutoFitHeight="0">
    <Cell ss:StyleID="Default"><Data ss:Type="String">prod-api-gateway-760</Data><NamedCell
      ss:Name="ProductList"/></Cell>
    <Cell ss:StyleID="s70"><Data ss:Type="String">ct-beta</Data><NamedCell
      ss:Name="ContentList"/></Cell>
   </Row>
   <Row ss:AutoFitHeight="0">
    <Cell ss:StyleID="Default"><Data ss:Type="String">prod-api-gateway-753</Data><NamedCell
      ss:Name="ProductList"/></Cell>
    <Cell ss:StyleID="s71"/>
   </Row>
   <Row ss:AutoFitHeight="0">
    <Cell ss:StyleID="Default"><Data ss:Type="String">prod-api-gateway-752</Data><NamedCell
      ss:Name="ProductList"/></Cell>
   </Row>
   <Row ss:AutoFitHeight="0">
    <Cell ss:StyleID="Default"><Data ss:Type="String">prod-api-gateway-751</Data><NamedCell
      ss:Name="ProductList"/></Cell>
   </Row>
   <Row ss:AutoFitHeight="0">
    <Cell ss:StyleID="Default"><Data ss:Type="String">prod-api-gateway-741</Data><NamedCell
      ss:Name="ProductList"/></Cell>
   </Row>
   <Row ss:AutoFitHeight="0">
    <Cell ss:StyleID="Default"><Data ss:Type="String">prod-vm</Data><NamedCell
      ss:Name="ProductList"/></Cell>
   </Row>
   <Row ss:AutoFitHeight="0">
    <Cell ss:StyleID="Default"><Data ss:Type="String">prod-vm-77-dev</Data><NamedCell
      ss:Name="ProductList"/></Cell>
   </Row>
   <Row ss:AutoFitHeight="0">
    <Cell ss:StyleID="Default"><Data ss:Type="String">prod-vm-77</Data><NamedCell
      ss:Name="ProductList"/></Cell>
   </Row>
   <Row ss:AutoFitHeight="0">
    <Cell ss:StyleID="Default"><Data ss:Type="String">prod-vm-762</Data><NamedCell
      ss:Name="ProductList"/></Cell>
   </Row>
   <Row ss:AutoFitHeight="0">
    <Cell ss:StyleID="Default"><Data ss:Type="String">prod-vm-761</Data><NamedCell
      ss:Name="ProductList"/></Cell>
   </Row>
   <Row ss:AutoFitHeight="0">
    <Cell ss:StyleID="Default"><Data ss:Type="String">prod-vm-753</Data><NamedCell
      ss:Name="ProductList"/></Cell>
   </Row>
   <Row ss:AutoFitHeight="0">
    <Cell ss:StyleID="Default"><Data ss:Type="String">prod-vm-752</Data><NamedCell
      ss:Name="ProductList"/></Cell>
   </Row>
   <Row ss:AutoFitHeight="0">
    <Cell ss:StyleID="Default"><Data ss:Type="String">prod-vm-751</Data><NamedCell
      ss:Name="ProductList"/></Cell>
   </Row>
   <Row ss:AutoFitHeight="0">
    <Cell ss:StyleID="Default"><Data ss:Type="String">prod-api-manage-plus</Data><NamedCell
      ss:Name="ProductList"/></Cell>
   </Row>
   <Row ss:AutoFitHeight="0">
    <Cell ss:StyleID="Default"><Data ss:Type="String">prod-apim-review</Data><NamedCell
      ss:Name="ProductList"/></Cell>
   </Row>
   <Row ss:AutoFitHeight="0">
    <Cell ss:StyleID="Default"><Data ss:Type="String">prod-api-manager</Data><NamedCell
      ss:Name="ProductList"/></Cell>
   </Row>
   <Row ss:AutoFitHeight="0">
    <Cell ss:StyleID="Default"><Data ss:Type="String">prod-api-manager-77-dev</Data><NamedCell
      ss:Name="ProductList"/></Cell>
   </Row>
   <Row ss:AutoFitHeight="0">
    <Cell ss:StyleID="Default"><Data ss:Type="String">prod-api-manager-77</Data><NamedCell
      ss:Name="ProductList"/></Cell>
   </Row>
   <Row ss:AutoFitHeight="0">
    <Cell ss:StyleID="Default"><Data ss:Type="String">prod-api-manager-762</Data><NamedCell
      ss:Name="ProductList"/></Cell>
   </Row>
   <Row ss:AutoFitHeight="0">
    <Cell ss:StyleID="Default"><Data ss:Type="String">prod-api-manager-761</Data><NamedCell
      ss:Name="ProductList"/></Cell>
   </Row>
   <Row ss:AutoFitHeight="0">
    <Cell ss:StyleID="Default"><Data ss:Type="String">prod-api-manager-760</Data><NamedCell
      ss:Name="ProductList"/></Cell>
   </Row>
   <Row ss:AutoFitHeight="0">
    <Cell ss:StyleID="Default"><Data ss:Type="String">prod-api-manager-753</Data><NamedCell
      ss:Name="ProductList"/></Cell>
   </Row>
   <Row ss:AutoFitHeight="0">
    <Cell ss:StyleID="Default"><Data ss:Type="String">prod-api-manager-752</Data><NamedCell
      ss:Name="ProductList"/></Cell>
   </Row>
   <Row ss:AutoFitHeight="0">
    <Cell ss:StyleID="Default"><Data ss:Type="String">prod-api-manager-751</Data><NamedCell
      ss:Name="ProductList"/></Cell>
   </Row>
   <Row ss:AutoFitHeight="0">
    <Cell ss:StyleID="Default"><Data ss:Type="String">prod-api-manager-741</Data><NamedCell
      ss:Name="ProductList"/></Cell>
   </Row>
   <Row ss:AutoFitHeight="0">
    <Cell ss:StyleID="Default"><Data ss:Type="String">prod-api-portal</Data><NamedCell
      ss:Name="ProductList"/></Cell>
   </Row>
   <Row ss:AutoFitHeight="0">
    <Cell ss:StyleID="Default"><Data ss:Type="String">prod-api-portal-77-dev</Data><NamedCell
      ss:Name="ProductList"/></Cell>
   </Row>
   <Row ss:AutoFitHeight="0">
    <Cell ss:StyleID="Default"><Data ss:Type="String">prod-api-portal-77</Data><NamedCell
      ss:Name="ProductList"/></Cell>
   </Row>
   <Row ss:AutoFitHeight="0">
    <Cell ss:StyleID="Default"><Data ss:Type="String">prod-api-portal-762</Data><NamedCell
      ss:Name="ProductList"/></Cell>
   </Row>
   <Row ss:AutoFitHeight="0">
    <Cell ss:StyleID="Default"><Data ss:Type="String">prod-api-portal-761</Data><NamedCell
      ss:Name="ProductList"/></Cell>
   </Row>
   <Row ss:AutoFitHeight="0">
    <Cell ss:StyleID="Default"><Data ss:Type="String">prod-api-portal-755</Data><NamedCell
      ss:Name="ProductList"/></Cell>
   </Row>
   <Row ss:AutoFitHeight="0">
    <Cell ss:StyleID="Default"><Data ss:Type="String">prod-api-portal-754</Data><NamedCell
      ss:Name="ProductList"/></Cell>
   </Row>
   <Row ss:AutoFitHeight="0">
    <Cell ss:StyleID="Default"><Data ss:Type="String">prod-api-portal-753</Data><NamedCell
      ss:Name="ProductList"/></Cell>
   </Row>
   <Row ss:AutoFitHeight="0">
    <Cell ss:StyleID="Default"><Data ss:Type="String">prod-api-portal-752</Data><NamedCell
      ss:Name="ProductList"/></Cell>
   </Row>
   <Row ss:AutoFitHeight="0">
    <Cell ss:StyleID="Default"><Data ss:Type="String">prod-api-portal-751</Data><NamedCell
      ss:Name="ProductList"/></Cell>
   </Row>
   <Row ss:AutoFitHeight="0">
    <Cell ss:StyleID="Default"><Data ss:Type="String">prod-api-runtime</Data><NamedCell
      ss:Name="ProductList"/></Cell>
   </Row>
   <Row ss:AutoFitHeight="0">
    <Cell ss:StyleID="Default"><Data ss:Type="String">prod-appc</Data><NamedCell
      ss:Name="ProductList"/></Cell>
   </Row>
   <Row ss:AutoFitHeight="0">
    <Cell ss:StyleID="Default"><Data ss:Type="String">prod-appc-alloy</Data><NamedCell
      ss:Name="ProductList"/></Cell>
   </Row>
   <Row ss:AutoFitHeight="0">
    <Cell ss:StyleID="Default"><Data ss:Type="String">prod-builder-tools_2</Data><NamedCell
      ss:Name="ProductList"/></Cell>
   </Row>
   <Row ss:AutoFitHeight="0">
    <Cell ss:StyleID="Default"><Data ss:Type="String">prod-builder-runtime_2</Data><NamedCell
      ss:Name="ProductList"/></Cell>
   </Row>
   <Row ss:AutoFitHeight="0">
    <Cell ss:StyleID="Default"><Data ss:Type="String">prod-appc-cli</Data><NamedCell
      ss:Name="ProductList"/></Cell>
   </Row>
   <Row ss:AutoFitHeight="0">
    <Cell ss:StyleID="Default"><Data ss:Type="String">prod-appc-dash</Data><NamedCell
      ss:Name="ProductList"/></Cell>
   </Row>
   <Row ss:AutoFitHeight="0">
    <Cell ss:StyleID="Default"><Data ss:Type="String">prod-appc-platform</Data><NamedCell
      ss:Name="ProductList"/></Cell>
   </Row>
   <Row ss:AutoFitHeight="0">
    <Cell ss:StyleID="Default"><Data ss:Type="String">prod-appc-studio</Data><NamedCell
      ss:Name="ProductList"/></Cell>
   </Row>
   <Row ss:AutoFitHeight="0">
    <Cell ss:StyleID="Default"><Data ss:Type="String">prod-appc-backend_2</Data><NamedCell
      ss:Name="ProductList"/></Cell>
   </Row>
   <Row ss:AutoFitHeight="0">
    <Cell ss:StyleID="Default"><Data ss:Type="String">prod-appc-sdk</Data><NamedCell
      ss:Name="ProductList"/></Cell>
   </Row>
   <Row ss:AutoFitHeight="0">
    <Cell ss:StyleID="Default"><Data ss:Type="String">prod-automator</Data><NamedCell
      ss:Name="ProductList"/></Cell>
   </Row>
   <Row ss:AutoFitHeight="0">
    <Cell ss:StyleID="Default"><Data ss:Type="String">prod-automator-40</Data><NamedCell
      ss:Name="ProductList"/></Cell>
   </Row>
   <Row ss:AutoFitHeight="0">
    <Cell ss:StyleID="Default"><Data ss:Type="String">prod-b2bi</Data><NamedCell
      ss:Name="ProductList"/></Cell>
   </Row>
   <Row ss:AutoFitHeight="0">
    <Cell ss:StyleID="Default"><Data ss:Type="String">prod-b2bi-26</Data><NamedCell
      ss:Name="ProductList"/></Cell>
   </Row>
   <Row ss:AutoFitHeight="0">
    <Cell ss:StyleID="Default"><Data ss:Type="String">prod-b2bi-25</Data><NamedCell
      ss:Name="ProductList"/></Cell>
   </Row>
   <Row ss:AutoFitHeight="0">
    <Cell ss:StyleID="Default"><Data ss:Type="String">prod-b2bi-240</Data><NamedCell
      ss:Name="ProductList"/></Cell>
   </Row>
   <Row ss:AutoFitHeight="0">
    <Cell ss:StyleID="Default"><Data ss:Type="String">prod-b2bi-231</Data><NamedCell
      ss:Name="ProductList"/></Cell>
   </Row>
   <Row ss:AutoFitHeight="0">
    <Cell ss:StyleID="Default"><Data ss:Type="String">prod-b2bi-230</Data><NamedCell
      ss:Name="ProductList"/></Cell>
   </Row>
   <Row ss:AutoFitHeight="0">
    <Cell ss:StyleID="Default"><Data ss:Type="String">prod-b2bi-221</Data><NamedCell
      ss:Name="ProductList"/></Cell>
   </Row>
   <Row ss:AutoFitHeight="0">
    <Cell ss:StyleID="Default"><Data ss:Type="String">prod-b2bi-210</Data><NamedCell
      ss:Name="ProductList"/></Cell>
   </Row>
   <Row ss:AutoFitHeight="0">
    <Cell ss:StyleID="Default"><Data ss:Type="String">prod-cg</Data><NamedCell
      ss:Name="ProductList"/></Cell>
   </Row>
   <Row ss:AutoFitHeight="0">
    <Cell ss:StyleID="Default"><Data ss:Type="String">prod-cg-113</Data><NamedCell
      ss:Name="ProductList"/></Cell>
   </Row>
   <Row ss:AutoFitHeight="0">
    <Cell ss:StyleID="Default"><Data ss:Type="String">prod-cg-112</Data><NamedCell
      ss:Name="ProductList"/></Cell>
   </Row>
   <Row ss:AutoFitHeight="0">
    <Cell ss:StyleID="Default"><Data ss:Type="String">prod-cg-111</Data><NamedCell
      ss:Name="ProductList"/></Cell>
   </Row>
   <Row ss:AutoFitHeight="0">
    <Cell ss:StyleID="Default"><Data ss:Type="String">prod-cg-110</Data><NamedCell
      ss:Name="ProductList"/></Cell>
   </Row>
   <Row ss:AutoFitHeight="0">
    <Cell ss:StyleID="Default"><Data ss:Type="String">prod-cloud-api-man</Data><NamedCell
      ss:Name="ProductList"/></Cell>
   </Row>
   <Row ss:AutoFitHeight="0">
    <Cell ss:StyleID="Default"><Data ss:Type="String">prod-cloud-api-man-753</Data><NamedCell
      ss:Name="ProductList"/></Cell>
   </Row>
   <Row ss:AutoFitHeight="0">
    <Cell ss:StyleID="Default"><Data ss:Type="String">prod-cloud-api-man-752</Data><NamedCell
      ss:Name="ProductList"/></Cell>
   </Row>
   <Row ss:AutoFitHeight="0">
    <Cell ss:StyleID="Default"><Data ss:Type="String">prod-cloud-api-man-751</Data><NamedCell
      ss:Name="ProductList"/></Cell>
   </Row>
   <Row ss:AutoFitHeight="0">
    <Cell ss:StyleID="Default"><Data ss:Type="String">prod-cloud-api-man-742</Data><NamedCell
      ss:Name="ProductList"/></Cell>
   </Row>
   <Row ss:AutoFitHeight="0">
    <Cell ss:StyleID="Default"><Data ss:Type="String">prod-datastore</Data><NamedCell
      ss:Name="ProductList"/></Cell>
   </Row>
   <Row ss:AutoFitHeight="0">
    <Cell ss:StyleID="Default"><Data ss:Type="String">prod-datastore-240</Data><NamedCell
      ss:Name="ProductList"/></Cell>
   </Row>
   <Row ss:AutoFitHeight="0">
    <Cell ss:StyleID="Default"><Data ss:Type="String">prod-datastore-230</Data><NamedCell
      ss:Name="ProductList"/></Cell>
   </Row>
   <Row ss:AutoFitHeight="0">
    <Cell ss:StyleID="Default"><Data ss:Type="String">prod-datastore-221</Data><NamedCell
      ss:Name="ProductList"/></Cell>
   </Row>
   <Row ss:AutoFitHeight="0">
    <Cell ss:StyleID="Default"><Data ss:Type="String">prod-di</Data><NamedCell
      ss:Name="ProductList"/></Cell>
   </Row>
   <Row ss:AutoFitHeight="0">
    <Cell ss:StyleID="Default"><Data ss:Type="String">prod-di-LATEST</Data><NamedCell
      ss:Name="ProductList"/></Cell>
   </Row>
   <Row ss:AutoFitHeight="0">
    <Cell ss:StyleID="Default"><Data ss:Type="String">prod-di-20200427</Data><NamedCell
      ss:Name="ProductList"/></Cell>
   </Row>
   <Row ss:AutoFitHeight="0">
    <Cell ss:StyleID="Default"><Data ss:Type="String">prod-di-20200413</Data><NamedCell
      ss:Name="ProductList"/></Cell>
   </Row>
   <Row ss:AutoFitHeight="0">
    <Cell ss:StyleID="Default"><Data ss:Type="String">prod-di-20200330</Data><NamedCell
      ss:Name="ProductList"/></Cell>
   </Row>
   <Row ss:AutoFitHeight="0">
    <Cell ss:StyleID="Default"><Data ss:Type="String">prod-di-20200316</Data><NamedCell
      ss:Name="ProductList"/></Cell>
   </Row>
   <Row ss:AutoFitHeight="0">
    <Cell ss:StyleID="Default"><Data ss:Type="String">prod-di-20200302</Data><NamedCell
      ss:Name="ProductList"/></Cell>
   </Row>
   <Row ss:AutoFitHeight="0">
    <Cell ss:StyleID="Default"><Data ss:Type="String">prod-di-20200217</Data><NamedCell
      ss:Name="ProductList"/></Cell>
   </Row>
   <Row ss:AutoFitHeight="0">
    <Cell ss:StyleID="Default"><Data ss:Type="String">prod-di-20200203</Data><NamedCell
      ss:Name="ProductList"/></Cell>
   </Row>
   <Row ss:AutoFitHeight="0">
    <Cell ss:StyleID="Default"><Data ss:Type="String">prod-di-20200120</Data><NamedCell
      ss:Name="ProductList"/></Cell>
   </Row>
   <Row ss:AutoFitHeight="0">
    <Cell ss:StyleID="Default"><Data ss:Type="String">prod-di-20191223</Data><NamedCell
      ss:Name="ProductList"/></Cell>
   </Row>
   <Row ss:AutoFitHeight="0">
    <Cell ss:StyleID="Default"><Data ss:Type="String">prod-di-20191209</Data><NamedCell
      ss:Name="ProductList"/></Cell>
   </Row>
   <Row ss:AutoFitHeight="0">
    <Cell ss:StyleID="Default"><Data ss:Type="String">prod-di-20191125</Data><NamedCell
      ss:Name="ProductList"/></Cell>
   </Row>
   <Row ss:AutoFitHeight="0">
    <Cell ss:StyleID="Default"><Data ss:Type="String">prod-di-20191111</Data><NamedCell
      ss:Name="ProductList"/></Cell>
   </Row>
   <Row ss:AutoFitHeight="0">
    <Cell ss:StyleID="Default"><Data ss:Type="String">prod-di-20191028</Data><NamedCell
      ss:Name="ProductList"/></Cell>
   </Row>
   <Row ss:AutoFitHeight="0">
    <Cell ss:StyleID="Default"><Data ss:Type="String">prod-di-20191014</Data><NamedCell
      ss:Name="ProductList"/></Cell>
   </Row>
   <Row ss:AutoFitHeight="0">
    <Cell ss:StyleID="Default"><Data ss:Type="String">prod-di-watermark</Data><NamedCell
      ss:Name="ProductList"/></Cell>
   </Row>
   <Row ss:AutoFitHeight="0">
    <Cell ss:StyleID="s73"><Data ss:Type="String">prod-di-ms</Data><NamedCell
      ss:Name="ProductList"/></Cell>
   </Row>
   <Row ss:AutoFitHeight="0">
    <Cell ss:StyleID="s73"><Data ss:Type="String">prod-di-ms-LATEST</Data><NamedCell
      ss:Name="ProductList"/></Cell>
   </Row>
   <Row ss:AutoFitHeight="0">
    <Cell ss:StyleID="Default"><Data ss:Type="String">prod-di-ms-20200302</Data><NamedCell
      ss:Name="ProductList"/></Cell>
   </Row>
   <Row ss:AutoFitHeight="0">
    <Cell ss:StyleID="Default"><Data ss:Type="String">prod-di-ms-20200217</Data><NamedCell
      ss:Name="ProductList"/></Cell>
   </Row>
   <Row ss:AutoFitHeight="0">
    <Cell ss:StyleID="s73"><Data ss:Type="String">prod-di-ms-20191125</Data><NamedCell
      ss:Name="ProductList"/></Cell>
   </Row>
   <Row ss:AutoFitHeight="0">
    <Cell ss:StyleID="s73"><Data ss:Type="String">prod-di-ms-20191014</Data><NamedCell
      ss:Name="ProductList"/></Cell>
   </Row>
   <Row ss:AutoFitHeight="0">
    <Cell ss:StyleID="s73"><Data ss:Type="String">prod-di-ms-20190902</Data><NamedCell
      ss:Name="ProductList"/></Cell>
   </Row>
   <Row ss:AutoFitHeight="0">
    <Cell ss:StyleID="s73"><Data ss:Type="String">prod-di-ms-20190805</Data><NamedCell
      ss:Name="ProductList"/></Cell>
   </Row>
   <Row ss:AutoFitHeight="0">
    <Cell ss:StyleID="s73"><Data ss:Type="String">prod-dv</Data><NamedCell
      ss:Name="ProductList"/></Cell>
   </Row>
   <Row ss:AutoFitHeight="0">
    <Cell ss:StyleID="s73"><Data ss:Type="String">prod-dv-51</Data><NamedCell
      ss:Name="ProductList"/></Cell>
   </Row>
   <Row ss:AutoFitHeight="0">
    <Cell ss:StyleID="Default"><Data ss:Type="String">prod-dv-50 </Data><NamedCell
      ss:Name="ProductList"/></Cell>
   </Row>
   <Row ss:AutoFitHeight="0">
    <Cell ss:StyleID="Default"><Data ss:Type="String">prod-ebicscli</Data><NamedCell
      ss:Name="ProductList"/></Cell>
   </Row>
   <Row ss:AutoFitHeight="0">
    <Cell ss:StyleID="Default"><Data ss:Type="String">prod-ebicscli-11</Data><NamedCell
      ss:Name="ProductList"/></Cell>
   </Row>
   <Row ss:AutoFitHeight="0">
    <Cell ss:StyleID="Default"><Data ss:Type="String">prod-ebicscli-10</Data><NamedCell
      ss:Name="ProductList"/></Cell>
   </Row>
   <Row ss:AutoFitHeight="0">
    <Cell ss:StyleID="s74"><Data ss:Type="String">prod-ebicsgw</Data><NamedCell
      ss:Name="ProductList"/></Cell>
   </Row>
   <Row ss:AutoFitHeight="0">
    <Cell ss:StyleID="s74"><Data ss:Type="String">prod-ebicsgw-35</Data><NamedCell
      ss:Name="ProductList"/></Cell>
   </Row>
   <Row ss:AutoFitHeight="0">
    <Cell ss:StyleID="s74"><Data ss:Type="String">prod-ebicsgw-34</Data><NamedCell
      ss:Name="ProductList"/></Cell>
   </Row>
   <Row ss:AutoFitHeight="0">
    <Cell ss:StyleID="s74"><Data ss:Type="String">prod-ebicsgw-330</Data><NamedCell
      ss:Name="ProductList"/></Cell>
   </Row>
   <Row ss:AutoFitHeight="0">
    <Cell ss:StyleID="s74"><Data ss:Type="String">prod-ebicsgw-322</Data><NamedCell
      ss:Name="ProductList"/></Cell>
   </Row>
   <Row ss:AutoFitHeight="0">
    <Cell ss:StyleID="s74"><Data ss:Type="String">prod-ebicsgw-320</Data><NamedCell
      ss:Name="ProductList"/></Cell>
   </Row>
   <Row ss:AutoFitHeight="0">
    <Cell ss:StyleID="s74"><Data ss:Type="String">prod-ebicsgw-310</Data><NamedCell
      ss:Name="ProductList"/></Cell>
   </Row>
   <Row ss:AutoFitHeight="0">
    <Cell ss:StyleID="s74"><Data ss:Type="String">prod-esig</Data><NamedCell
      ss:Name="ProductList"/></Cell>
   </Row>
   <Row ss:AutoFitHeight="0">
    <Cell ss:StyleID="s74"><Data ss:Type="String">prod-esig-213</Data><NamedCell
      ss:Name="ProductList"/></Cell>
   </Row>
   <Row ss:AutoFitHeight="0">
    <Cell ss:StyleID="s74"><Data ss:Type="String">prod-esig-212</Data><NamedCell
      ss:Name="ProductList"/></Cell>
   </Row>
   <Row ss:AutoFitHeight="0">
    <Cell ss:StyleID="s74"><Data ss:Type="String">prod-esig-211</Data><NamedCell
      ss:Name="ProductList"/></Cell>
   </Row>
   <Row ss:AutoFitHeight="0">
    <Cell ss:StyleID="s74"><Data ss:Type="String">prod-esig-2103</Data><NamedCell
      ss:Name="ProductList"/></Cell>
   </Row>
   <Row ss:AutoFitHeight="0">
    <Cell ss:StyleID="s74"><Data ss:Type="String">prod-esig-2102</Data><NamedCell
      ss:Name="ProductList"/></Cell>
   </Row>
   <Row ss:AutoFitHeight="0">
    <Cell ss:StyleID="s74"><Data ss:Type="String">prod-esig-2101</Data><NamedCell
      ss:Name="ProductList"/></Cell>
   </Row>
   <Row ss:AutoFitHeight="0">
    <Cell ss:StyleID="s74"><Data ss:Type="String">prod-esig-2100</Data><NamedCell
      ss:Name="ProductList"/></Cell>
   </Row>
   <Row ss:AutoFitHeight="0">
    <Cell ss:StyleID="s74"><Data ss:Type="String">prod-esig-292</Data><NamedCell
      ss:Name="ProductList"/></Cell>
   </Row>
   <Row ss:AutoFitHeight="0">
    <Cell ss:StyleID="s74"><Data ss:Type="String">prod-esig-291</Data><NamedCell
      ss:Name="ProductList"/></Cell>
   </Row>
   <Row ss:AutoFitHeight="0">
    <Cell ss:StyleID="s75"><Data ss:Type="String">prod-ea-api</Data><NamedCell
      ss:Name="ProductList"/></Cell>
   </Row>
   <Row ss:AutoFitHeight="0">
    <Cell ss:StyleID="s73"><Data ss:Type="String">prod-ea-st</Data><NamedCell
      ss:Name="ProductList"/></Cell>
   </Row>
   <Row ss:AutoFitHeight="0">
    <Cell ss:StyleID="s73"><Data ss:Type="String">prod-ea-st-23</Data><NamedCell
      ss:Name="ProductList"/></Cell>
   </Row>
   <Row ss:AutoFitHeight="0">
    <Cell ss:StyleID="s73"><Data ss:Type="String">prod-flowmanager</Data><NamedCell
      ss:Name="ProductList"/></Cell>
   </Row>
   <Row ss:AutoFitHeight="0">
    <Cell ss:StyleID="s73"><Data ss:Type="String">prod-flowmanager-20</Data><NamedCell
      ss:Name="ProductList"/></Cell>
   </Row>
   <Row ss:AutoFitHeight="0">
    <Cell ss:StyleID="s73"><Data ss:Type="String">prod-gateway</Data><NamedCell
      ss:Name="ProductList"/></Cell>
   </Row>
   <Row ss:AutoFitHeight="0">
    <Cell ss:StyleID="s73"><Data ss:Type="String">prod-gateway-6173</Data><NamedCell
      ss:Name="ProductList"/></Cell>
   </Row>
   <Row ss:AutoFitHeight="0">
    <Cell ss:StyleID="s73"><Data ss:Type="String">prod-gateway-6172</Data><NamedCell
      ss:Name="ProductList"/></Cell>
   </Row>
   <Row ss:AutoFitHeight="0">
    <Cell ss:StyleID="s73"><Data ss:Type="String">prod-gateway-6170</Data><NamedCell
      ss:Name="ProductList"/></Cell>
   </Row>
   <Row ss:AutoFitHeight="0">
    <Cell ss:StyleID="s73"><Data ss:Type="String">prod-gateway-6161</Data><NamedCell
      ss:Name="ProductList"/></Cell>
   </Row>
   <Row ss:AutoFitHeight="0">
    <Cell ss:StyleID="s73"><Data ss:Type="String">prod-integrator</Data><NamedCell
      ss:Name="ProductList"/></Cell>
   </Row>
   <Row ss:AutoFitHeight="0">
    <Cell ss:StyleID="s73"><Data ss:Type="String">prod-integrator-373</Data><NamedCell
      ss:Name="ProductList"/></Cell>
   </Row>
   <Row ss:AutoFitHeight="0">
    <Cell ss:StyleID="Default"><Data ss:Type="String">prod-interchange</Data><NamedCell
      ss:Name="ProductList"/></Cell>
   </Row>
   <Row ss:AutoFitHeight="0">
    <Cell ss:StyleID="Default"><Data ss:Type="String">prod-interchange-5120</Data><NamedCell
      ss:Name="ProductList"/></Cell>
   </Row>
   <Row ss:AutoFitHeight="0">
    <Cell ss:StyleID="s73"><Data ss:Type="String">prod-interplay</Data><NamedCell
      ss:Name="ProductList"/></Cell>
   </Row>
   <Row ss:AutoFitHeight="0">
    <Cell ss:StyleID="s73"><Data ss:Type="String">prod-interplay-240</Data><NamedCell
      ss:Name="ProductList"/></Cell>
   </Row>
   <Row ss:AutoFitHeight="0">
    <Cell ss:StyleID="s73"><Data ss:Type="String">prod-interplay-230</Data><NamedCell
      ss:Name="ProductList"/></Cell>
   </Row>
   <Row ss:AutoFitHeight="0">
    <Cell ss:StyleID="s73"><Data ss:Type="String">prod-interplay-221</Data><NamedCell
      ss:Name="ProductList"/></Cell>
   </Row>
   <Row ss:AutoFitHeight="0">
    <Cell ss:StyleID="s73"><Data ss:Type="String">prod-mailgate</Data><NamedCell
      ss:Name="ProductList"/></Cell>
   </Row>
   <Row ss:AutoFitHeight="0">
    <Cell ss:StyleID="s73"><Data ss:Type="String">prod-mailgate-560</Data><NamedCell
      ss:Name="ProductList"/></Cell>
   </Row>
   <Row ss:AutoFitHeight="0">
    <Cell ss:StyleID="s73"><Data ss:Type="String">prod-mailgate-554</Data><NamedCell
      ss:Name="ProductList"/></Cell>
   </Row>
   <Row ss:AutoFitHeight="0">
    <Cell ss:StyleID="s73"><Data ss:Type="String">prod-mailgate-553</Data><NamedCell
      ss:Name="ProductList"/></Cell>
   </Row>
   <Row ss:AutoFitHeight="0">
    <Cell ss:StyleID="Default"><Data ss:Type="String">prod-ms</Data><NamedCell
      ss:Name="ProductList"/></Cell>
   </Row>
   <Row ss:AutoFitHeight="0">
    <Cell ss:StyleID="Default"><Data ss:Type="String">prod-ms-37</Data><NamedCell
      ss:Name="ProductList"/></Cell>
   </Row>
   <Row ss:AutoFitHeight="0">
    <Cell ss:StyleID="Default"><Data ss:Type="String">prod-ms-36</Data><NamedCell
      ss:Name="ProductList"/></Cell>
   </Row>
   <Row ss:AutoFitHeight="0">
    <Cell ss:StyleID="s73"><Data ss:Type="String">prod-ms-35</Data><NamedCell
      ss:Name="ProductList"/></Cell>
   </Row>
   <Row ss:AutoFitHeight="0">
    <Cell ss:StyleID="Default"><Data ss:Type="String">prod-ms-340</Data><NamedCell
      ss:Name="ProductList"/></Cell>
   </Row>
   <Row ss:AutoFitHeight="0">
    <Cell ss:StyleID="Default"><Data ss:Type="String">prod-ms-331</Data><NamedCell
      ss:Name="ProductList"/></Cell>
   </Row>
   <Row ss:AutoFitHeight="0">
    <Cell ss:StyleID="Default"><Data ss:Type="String">prod-ms-330</Data><NamedCell
      ss:Name="ProductList"/></Cell>
   </Row>
   <Row ss:AutoFitHeight="0">
    <Cell ss:StyleID="Default"><Data ss:Type="String">prod-ms-311</Data><NamedCell
      ss:Name="ProductList"/></Cell>
   </Row>
   <Row ss:AutoFitHeight="0">
    <Cell ss:StyleID="Default"><Data ss:Type="String">prod-ms-301</Data><NamedCell
      ss:Name="ProductList"/></Cell>
   </Row>
   <Row ss:AutoFitHeight="0">
    <Cell ss:StyleID="Default"><Data ss:Type="String">prod-outlook</Data><NamedCell
      ss:Name="ProductList"/></Cell>
   </Row>
   <Row ss:AutoFitHeight="0">
    <Cell ss:StyleID="Default"><Data ss:Type="String">prod-outlook-340</Data><NamedCell
      ss:Name="ProductList"/></Cell>
   </Row>
   <Row ss:AutoFitHeight="0">
    <Cell ss:StyleID="Default"><Data ss:Type="String">prod-outlook-330</Data><NamedCell
      ss:Name="ProductList"/></Cell>
   </Row>
   <Row ss:AutoFitHeight="0">
    <Cell ss:StyleID="Default"><Data ss:Type="String">prod-sc</Data><NamedCell
      ss:Name="ProductList"/></Cell>
   </Row>
   <Row ss:AutoFitHeight="0">
    <Cell ss:StyleID="Default"><Data ss:Type="String">prod-sc-630</Data><NamedCell
      ss:Name="ProductList"/></Cell>
   </Row>
   <Row ss:AutoFitHeight="0">
    <Cell ss:StyleID="Default"><Data ss:Type="String">prod-sc-620</Data><NamedCell
      ss:Name="ProductList"/></Cell>
   </Row>
   <Row ss:AutoFitHeight="0">
    <Cell ss:StyleID="Default"><Data ss:Type="String">prod-search</Data><NamedCell
      ss:Name="ProductList"/></Cell>
   </Row>
   <Row ss:AutoFitHeight="0">
    <Cell ss:StyleID="Default"><Data ss:Type="String">prod-securerelay</Data><NamedCell
      ss:Name="ProductList"/></Cell>
   </Row>
   <Row ss:AutoFitHeight="0">
    <Cell ss:StyleID="Default"><Data ss:Type="String">prod-securerelay-273</Data><NamedCell
      ss:Name="ProductList"/></Cell>
   </Row>
   <Row ss:AutoFitHeight="0">
    <Cell ss:StyleID="Default"><Data ss:Type="String">prod-securerelay-271</Data><NamedCell
      ss:Name="ProductList"/></Cell>
   </Row>
   <Row ss:AutoFitHeight="0">
    <Cell ss:StyleID="Default"><Data ss:Type="String">prod-st</Data><NamedCell
      ss:Name="ProductList"/></Cell>
   </Row>
   <Row ss:AutoFitHeight="0">
    <Cell ss:StyleID="Default"><Data ss:Type="String">prod-st-550</Data><NamedCell
      ss:Name="ProductList"/></Cell>
   </Row>
   <Row ss:AutoFitHeight="0">
    <Cell ss:StyleID="Default"><Data ss:Type="String">prod-st-540</Data><NamedCell
      ss:Name="ProductList"/></Cell>
   </Row>
   <Row ss:AutoFitHeight="0">
    <Cell ss:StyleID="Default"><Data ss:Type="String">prod-st-536</Data><NamedCell
      ss:Name="ProductList"/></Cell>
   </Row>
   <Row ss:AutoFitHeight="0">
    <Cell ss:StyleID="Default"><Data ss:Type="String">prod-st-533</Data><NamedCell
      ss:Name="ProductList"/></Cell>
   </Row>
   <Row ss:AutoFitHeight="0">
    <Cell ss:StyleID="Default"><Data ss:Type="String">prod-st-531</Data><NamedCell
      ss:Name="ProductList"/></Cell>
   </Row>
   <Row ss:AutoFitHeight="0">
    <Cell ss:StyleID="Default"><Data ss:Type="String">prod-st-530</Data><NamedCell
      ss:Name="ProductList"/></Cell>
   </Row>
   <Row ss:AutoFitHeight="0">
    <Cell ss:StyleID="Default"><Data ss:Type="String">prod-st-521</Data><NamedCell
      ss:Name="ProductList"/></Cell>
   </Row>
   <Row ss:AutoFitHeight="0">
    <Cell ss:StyleID="Default"><Data ss:Type="String">prod-sentinel</Data><NamedCell
      ss:Name="ProductList"/></Cell>
   </Row>
   <Row ss:AutoFitHeight="0">
    <Cell ss:StyleID="Default"><Data ss:Type="String">prod-sentinel-420</Data><NamedCell
      ss:Name="ProductList"/></Cell>
   </Row>
   <Row ss:AutoFitHeight="0">
    <Cell ss:StyleID="Default"><Data ss:Type="String">prod-sv</Data><NamedCell
      ss:Name="ProductList"/></Cell>
   </Row>
   <Row ss:AutoFitHeight="0">
    <Cell ss:StyleID="Default"><Data ss:Type="String">prod-sv-51</Data><NamedCell
      ss:Name="ProductList"/></Cell>
   </Row>
   <Row ss:AutoFitHeight="0">
    <Cell ss:StyleID="Default"><Data ss:Type="String">prod-sv-50 </Data><NamedCell
      ss:Name="ProductList"/></Cell>
   </Row>
   <Row ss:AutoFitHeight="0">
    <Cell ss:StyleID="Default"><Data ss:Type="String">prod-sync</Data><NamedCell
      ss:Name="ProductList"/></Cell>
   </Row>
   <Row ss:AutoFitHeight="0">
    <Cell ss:StyleID="Default"><Data ss:Type="String">prod-sync-beta</Data><NamedCell
      ss:Name="ProductList"/></Cell>
   </Row>
   <Row ss:AutoFitHeight="0">
    <Cell ss:StyleID="Default"><Data ss:Type="String">prod-usage</Data><NamedCell
      ss:Name="ProductList"/></Cell>
   </Row>
   <Row ss:AutoFitHeight="0">
    <Cell ss:StyleID="Default"><Data ss:Type="String">prod-tnt</Data><NamedCell
      ss:Name="ProductList"/></Cell>
   </Row>
   <Row ss:AutoFitHeight="0">
    <Cell ss:StyleID="Default"><Data ss:Type="String">prod-tnt-50</Data><NamedCell
      ss:Name="ProductList"/></Cell>
   </Row>
   <Row ss:AutoFitHeight="0">
    <Cell ss:StyleID="Default"><Data ss:Type="String">prod-tnt-43</Data><NamedCell
      ss:Name="ProductList"/></Cell>
   </Row>
   <Row ss:AutoFitHeight="0">
    <Cell ss:StyleID="Default"><Data ss:Type="String">prod-tnt-420</Data><NamedCell
      ss:Name="ProductList"/></Cell>
   </Row>
   <Row ss:AutoFitHeight="0">
    <Cell ss:StyleID="Default"><Data ss:Type="String">prod-tnt-410</Data><NamedCell
      ss:Name="ProductList"/></Cell>
   </Row>
   <Row ss:AutoFitHeight="0">
    <Cell ss:StyleID="Default"><Data ss:Type="String">prod-tnteu</Data><NamedCell
      ss:Name="ProductList"/></Cell>
   </Row>
   <Row ss:AutoFitHeight="0">
    <Cell ss:StyleID="Default"><Data ss:Type="String">prod-tnteu-15</Data><NamedCell
      ss:Name="ProductList"/></Cell>
   </Row>
   <Row ss:AutoFitHeight="0">
    <Cell ss:StyleID="Default"><Data ss:Type="String">prod-tnteu-14</Data><NamedCell
      ss:Name="ProductList"/></Cell>
   </Row>
   <Row ss:AutoFitHeight="0">
    <Cell ss:StyleID="Default"><Data ss:Type="String">prod-tnteu-13</Data><NamedCell
      ss:Name="ProductList"/></Cell>
   </Row>
   <Row ss:AutoFitHeight="0">
    <Cell ss:StyleID="Default"><Data ss:Type="String">prod-tnteu-12</Data><NamedCell
      ss:Name="ProductList"/></Cell>
   </Row>
   <Row ss:AutoFitHeight="0">
    <Cell ss:StyleID="Default"><Data ss:Type="String">prod-tntsa</Data><NamedCell
      ss:Name="ProductList"/></Cell>
   </Row>
   <Row ss:AutoFitHeight="0">
    <Cell ss:StyleID="s74"><Data ss:Type="String">prod-tntsa-10</Data><NamedCell
      ss:Name="ProductList"/></Cell>
   </Row>
   <Row ss:AutoFitHeight="0">
    <Cell ss:StyleID="Default"><Data ss:Type="String">prod-tntus</Data><NamedCell
      ss:Name="ProductList"/></Cell>
   </Row>
   <Row ss:AutoFitHeight="0">
    <Cell ss:StyleID="Default"><Data ss:Type="String">prod-tntus-13</Data><NamedCell
      ss:Name="ProductList"/></Cell>
   </Row>
   <Row ss:AutoFitHeight="0">
    <Cell ss:StyleID="Default"><Data ss:Type="String">prod-tntus-12</Data><NamedCell
      ss:Name="ProductList"/></Cell>
   </Row>
   <Row ss:AutoFitHeight="0">
    <Cell ss:StyleID="Default"><Data ss:Type="String">prod-tntus-11</Data><NamedCell
      ss:Name="ProductList"/></Cell>
   </Row>
   <Row ss:AutoFitHeight="0">
    <Cell ss:StyleID="Default"><Data ss:Type="String">prod-tsim</Data><NamedCell
      ss:Name="ProductList"/></Cell>
   </Row>
   <Row ss:AutoFitHeight="0">
    <Cell ss:StyleID="Default"><Data ss:Type="String">prod-tsim-391</Data><NamedCell
      ss:Name="ProductList"/></Cell>
   </Row>
   <Row ss:AutoFitHeight="0">
    <Cell ss:StyleID="Default"><Data ss:Type="String">prod-tsim-390</Data><NamedCell
      ss:Name="ProductList"/></Cell>
   </Row>
   <Row ss:AutoFitHeight="0">
    <Cell ss:StyleID="Default"><Data ss:Type="String">prod-cft</Data><NamedCell
      ss:Name="ProductList"/></Cell>
   </Row>
   <Row ss:AutoFitHeight="0">
    <Cell ss:StyleID="Default"><Data ss:Type="String">prod-cft-36</Data><NamedCell
      ss:Name="ProductList"/></Cell>
   </Row>
   <Row ss:AutoFitHeight="0">
    <Cell ss:StyleID="Default"><Data ss:Type="String">prod-cft-35</Data><NamedCell
      ss:Name="ProductList"/></Cell>
   </Row>
   <Row ss:AutoFitHeight="0">
    <Cell ss:StyleID="Default"><Data ss:Type="String">prod-cft-34</Data><NamedCell
      ss:Name="ProductList"/></Cell>
   </Row>
   <Row ss:AutoFitHeight="0">
    <Cell ss:StyleID="Default"><Data ss:Type="String">prod-cft-332</Data><NamedCell
      ss:Name="ProductList"/></Cell>
   </Row>
   <Row ss:AutoFitHeight="0">
    <Cell ss:StyleID="Default"><Data ss:Type="String">prod-cft-324</Data><NamedCell
      ss:Name="ProductList"/></Cell>
   </Row>
   <Row ss:AutoFitHeight="0">
    <Cell ss:StyleID="Default"><Data ss:Type="String">prod-cft-322</Data><NamedCell
      ss:Name="ProductList"/></Cell>
   </Row>
   <Row ss:AutoFitHeight="0">
    <Cell ss:StyleID="Default"><Data ss:Type="String">prod-cft-313</Data><NamedCell
      ss:Name="ProductList"/></Cell>
   </Row>
   <Row ss:AutoFitHeight="0">
    <Cell ss:StyleID="Default"><Data ss:Type="String">prod-transportal</Data><NamedCell
      ss:Name="ProductList"/></Cell>
   </Row>
   <Row ss:AutoFitHeight="0">
    <Cell ss:StyleID="Default"><Data ss:Type="String">prod-transportal-10</Data><NamedCell
      ss:Name="ProductList"/></Cell>
   </Row>
   <Row ss:AutoFitHeight="0">
    <Cell ss:StyleID="Default"><Data ss:Type="String">prod-vas</Data><NamedCell
      ss:Name="ProductList"/></Cell>
   </Row>
   <Row ss:AutoFitHeight="0">
    <Cell ss:StyleID="Default"><Data ss:Type="String">prod-vas-51</Data><NamedCell
      ss:Name="ProductList"/></Cell>
   </Row>
   <Row ss:AutoFitHeight="0">
    <Cell ss:StyleID="Default"><Data ss:Type="String">prod-vas-50 </Data><NamedCell
      ss:Name="ProductList"/></Cell>
   </Row>
   <Row ss:AutoFitHeight="0">
    <Cell ss:StyleID="Default"><Data ss:Type="String">prod-webtrader</Data><NamedCell
      ss:Name="ProductList"/></Cell>
   </Row>
   <Row ss:AutoFitHeight="0">
    <Cell ss:StyleID="Default"><Data ss:Type="String">prod-webtrader-240</Data><NamedCell
      ss:Name="ProductList"/></Cell>
   </Row>
   <Row ss:AutoFitHeight="0">
    <Cell ss:StyleID="Default"><Data ss:Type="String">prod-webtrader-230</Data><NamedCell
      ss:Name="ProductList"/></Cell>
   </Row>
   <Row ss:AutoFitHeight="0">
    <Cell ss:StyleID="Default"><Data ss:Type="String">prod-other</Data><NamedCell
      ss:Name="ProductList"/></Cell>
   </Row>
   <Row ss:AutoFitHeight="0">
    <Cell ss:StyleID="Default"><Data ss:Type="String">prod-bes</Data><NamedCell
      ss:Name="ProductList"/></Cell>
   </Row>
   <Row ss:AutoFitHeight="0">
    <Cell ss:StyleID="Default"/>
   </Row>
  </Table>
  <WorksheetOptions xmlns="urn:schemas-microsoft-com:office:excel">
   <PageSetup>
    <Header x:Margin="0.3"/>
    <Footer x:Margin="0.3"/>
    <PageMargins x:Bottom="0.75" x:Left="0.7" x:Right="0.7" x:Top="0.75"/>
   </PageSetup>
   <Unsynced/>
   <Print>
    <ValidPrinterInfo/>
    <HorizontalResolution>600</HorizontalResolution>
    <VerticalResolution>600</VerticalResolution>
   </Print>
   <Panes>
    <Pane>
     <Number>3</Number>
     <ActiveRow>2</ActiveRow>
     <ActiveCol>1</ActiveCol>
    </Pane>
   </Panes>
   <ProtectObjects>False</ProtectObjects>
   <ProtectScenarios>False</ProtectScenarios>
  </WorksheetOptions>
 </Worksheet>
</Workbook>
