<pagedata><content type="text/html" title="Test Z_underscores"><body>
<p>underscores treated the same as whitespace in links</p>
<p><a rel="internal" href="http://192.168.2.247/Sandbox/Test_Comments">Test Comments</a></p>
<p><strong>Test Z_underscores </strong></p></body><body target="toc"><em>No headers</em></body></content><tags count="0" href="http://192.168.2.247/@api/deki/pages/54/tags" /><comments sort="asc" count="0" totalcount="0" href="http://192.168.2.247/@api/deki/pages/54/comments" /><files count="0" href="http://192.168.2.247/@api/deki/pages/54/files" /></pagedata>